Date,Adj Close Chevron stock,Adj Close Exxonmobil stock,Price S&P Oil,Price treasury,Price WTI crude oil,,
26-03-2014,78.867645,62.598408,"10,876.50",2.694,100.23,,
27-03-2014,78.840851,63.616409,"10,896.20",2.683,101.28,,
28-03-2014,79.396973,64.58149,"10,959.70",2.723,101.6,,
31-03-2014,79.671669,64.568283,"11,103.20",2.719,101.57,,
01-04-2014,79.731964,64.601311,"11,153.90",2.755,99.69,,
02-04-2014,79.966476,64.746735,"11,045.20",2.806,99.64,,
03-04-2014,79.758789,64.733551,"10,799.90",2.801,100.27,,
04-04-2014,79.597984,64.356735,"11,007.60",2.726,101.15,,
07-04-2014,78.619736,63.973339,"11,119.40",2.701,100.46,,
08-04-2014,78.927956,64.416222,"10,949.00",2.683,102.59,,
09-04-2014,79.798965,64.336914,"10,893.30",2.693,103.5,,
10-04-2014,78.184219,63.973339,"11,119.70",2.647,103.38,,
11-04-2014,78.412041,63.933681,"11,303.60",2.628,103.66,,
14-04-2014,79.530952,64.687248,"11,490.40",2.65,103.98,,
15-04-2014,80.602982,65.229286,"11,665.30",2.63,103.65,,
16-04-2014,81.628128,66.06218,"11,734.60",2.635,103.78,,
17-04-2014,82.867638,66.379463,"11,712.50",2.721,104.29,,
21-04-2014,83.242867,66.716568,"11,784.80",2.715,104.3,,
22-04-2014,83.082039,66.346413,"11,836.20",2.711,101.69,,
23-04-2014,83.544373,66.432327,"11,614.10",2.693,101.5,,
24-04-2014,83.283066,66.108437,"11,593.10",2.682,101.9,,
25-04-2014,83.075363,66.372849,"11,743.40",2.666,100.53,,
28-04-2014,84.241196,66.875221,"11,779.20",2.708,100.86,,
29-04-2014,84.401993,67.060303,"11,648.90",2.697,101.21,,
30-04-2014,84.100464,67.694885,"11,731.80",2.646,99.77,,
01-05-2014,83.711876,67.033859,"11,701.10",2.613,99.44,,
02-05-2014,83.564476,67.430473,"11,657.30",2.586,99.81,,
05-05-2014,83.993271,68.025406,"11,666.70",2.606,99.43,,
06-05-2014,83.731949,67.866745,"11,312.90",2.593,99.58,,
07-05-2014,84.576187,68.1576,"11,296.30",2.59,100.78,,
08-05-2014,83.81234,67.635384,"11,401.00",2.611,100.23,,
09-05-2014,83.772179,67.848358,"11,493.30",2.623,100.01,,
12-05-2014,83.912872,68.034706,"11,379.30",2.661,100.59,,
13-05-2014,84.321587,68.121208,"11,260.30",2.611,101.73,,
14-05-2014,84.703484,68.074623,"11,258.50",2.548,102.38,,
15-05-2014,83.662842,67.06971,"11,356.10",2.496,101.49,,
16-05-2014,83.237152,67.043098,"11,275.00",2.523,102.05,,
19-05-2014,83.081711,67.129608,"11,463.30",2.545,102.65,,
20-05-2014,82.777672,66.996521,"11,424.30",2.514,102.51,,
21-05-2014,83.899376,67.901581,"11,341.10",2.534,104.02,,
22-05-2014,83.541229,67.548866,"11,457.80",2.554,103.74,,
23-05-2014,83.365547,67.429085,"11,589.50",2.536,104.36,,
27-05-2014,83.007393,67.455704,"11,786.50",2.541,104.16,,
28-05-2014,82.791168,67.25605,"11,681.20",2.518,102.72,,
29-05-2014,82.656021,67.395813,"11,545.30",2.445,103.62,,
30-05-2014,82.973618,66.903328,"11,619.90",2.47,102.73,,
02-06-2014,82.58168,66.510696,"11,651.50",2.475,102.45,,
03-06-2014,82.811417,66.810165,"11,756.80",2.527,102.72,,
04-06-2014,82.676308,66.57724,"11,830.20",2.599,102.55,,
05-06-2014,83.466896,66.916656,"11,869.50",2.606,102.52,,
06-06-2014,83.919647,67.615425,"11,801.70",2.584,102.72,,
09-06-2014,84.041275,67.562195,"11,920.30",2.597,104.38,,
10-06-2014,84.696724,67.522232,"12,083.80",2.608,104.37,,
11-06-2014,84.588615,67.848358,"12,220.80",2.64,104.4,,
12-06-2014,85.217041,67.655365,"12,263.00",2.64,106.5,,
13-06-2014,85.994148,68.314224,"12,278.50",2.597,106.86,,
16-06-2014,86.859085,68.493912,"12,407.40",2.608,106.88,,
17-06-2014,87.055054,68.161133,"12,532.40",2.597,106.29,,
18-06-2014,88.034874,68.367447,"12,642.10",2.653,106.02,,
19-06-2014,89.190384,68.300911,"12,669.70",2.59,106.4,,
20-06-2014,89.426895,69.09951,"12,181.50",2.621,107.3,,
23-06-2014,89.859344,69.465523,"12,377.40",2.608,106.17,,
24-06-2014,89.041718,68.367447,"12,343.50",2.626,105.97,,
25-06-2014,88.676819,67.974808,"12,404.80",2.577,106.5,,
26-06-2014,88.467354,67.901581,"12,490.70",2.561,105.82,,
27-06-2014,88.088936,67.355873,"12,457.10",2.532,105.74,,
30-06-2014,88.217323,67.003151,"12,383.60",2.536,105.29,,
01-07-2014,88.210564,67.455704,"12,410.70",2.532,105.32,,
02-07-2014,88.001076,67.595482,"12,146.00",2.567,104.44,,
03-07-2014,88.649803,68.274269,"12,126.20",2.628,104.02,,
07-07-2014,88.163254,68.314224,"12,243.90",2.641,103.53,,
08-07-2014,87.778091,68.434006,"12,061.90",2.614,103.33,,
09-07-2014,88.784927,68.91317,"11,890.30",2.559,102.29,,
10-07-2014,88.014618,68.260971,"12,041.00",2.556,102.95,,
11-07-2014,86.811806,67.708588,"11,774.30",2.538,100.78,,
14-07-2014,87.345619,68.334167,"11,989.30",2.516,101.02,,
15-07-2014,87.345619,68.141182,"11,738.80",2.516,99.96,,
16-07-2014,88.447083,69.05957,"11,898.90",2.547,101.2,,
17-07-2014,87.899734,68.087936,"11,921.90",2.552,103.05,,
18-07-2014,88.109215,68.367447,"12,016.70",2.53,103.09,,
21-07-2014,88.717361,68.600372,"12,105.60",2.442,104.59,,
22-07-2014,89.589066,68.906532,"12,104.50",2.482,104.42,,
23-07-2014,90.467514,69.379013,"11,937.50",2.469,103.1,,
24-07-2014,91.122978,69.398979,"11,778.90",2.466,102.07,,
25-07-2014,90.258057,68.666916,"11,827.50",2.469,102.09,,
28-07-2014,90.035042,69.45887,"11,721.00",2.502,101.66,,
29-07-2014,89.480942,68.91317,"11,417.20",2.467,100.97,,
30-07-2014,89.555283,68.713493,"11,196.80",2.487,100.19,,
31-07-2014,87.332108,65.845169,"11,511.10",2.462,98.2,,
01-08-2014,86.42662,65.751999,"11,193.00",2.56,97.79,,
04-08-2014,86.60907,66.637146,"11,251.80",2.562,98.25,,
05-08-2014,84.43998,65.352684,"11,179.10",2.494,97.38,,
06-08-2014,84.960297,65.871788,"11,528.00",2.494,96.92,,
07-08-2014,84.906227,65.399284,"11,534.50",2.485,97.36,,
08-08-2014,86.39959,66.377579,"11,310.10",2.489,97.65,,
11-08-2014,86.298233,66.163155,"11,322.30",2.469,98.08,,
12-08-2014,85.879288,66.002312,"11,190.60",2.409,97.27,,
13-08-2014,86.2239,66.404396,"11,354.90",2.422,97.59,,
14-08-2014,85.791412,66.404396,"11,420.20",2.429,95.58,,
15-08-2014,85.93454,66.364159,"11,534.40",2.449,97.31,,
18-08-2014,86.070839,66.692558,"11,554.50",2.42,96.41,,
19-08-2014,86.977203,66.672455,"11,649.30",2.403,94.43,,
20-08-2014,86.88179,66.813171,"11,574.30",2.341,96.07,,
21-08-2014,87.181656,66.531731,"11,785.00",2.394,93.95,,
22-08-2014,86.622818,66.008995,"11,828.40",2.403,93.64,,
25-08-2014,87.120316,66.176544,"11,771.40",2.428,93.35,,
26-08-2014,87.399727,66.77298,"11,825.90",2.409,93.83,,
27-08-2014,87.66552,66.699272,"11,986.90",2.403,93.88,,
28-08-2014,87.740448,66.726089,"11,758.10",2.384,94.52,,
29-08-2014,88.217514,66.652367,"11,770.20",2.398,95.96,,
02-09-2014,86.915886,66.002312,"11,496.20",2.361,95.86,,
03-09-2014,87.133957,66.417809,"11,620.90",2.338,92.88,,
04-09-2014,86.411591,65.915184,"11,368.40",2.345,95.52,,
05-09-2014,86.820457,66.518318,"11,234.40",2.359,94.45,,
08-09-2014,86.009506,65.519798,"11,265.20",2.423,93.29,,
09-09-2014,85.307587,65.26516,"11,339.00",2.398,92.68,,
10-09-2014,84.694244,64.876472,"11,120.60",2.453,92.75,,
11-09-2014,84.387596,65.023918,"11,132.40",2.459,91.74,,
12-09-2014,83.590271,64.186226,"11,329.20",2.471,92.85,,
15-09-2014,84.666985,64.527992,"11,299.80",2.502,92.24,,
16-09-2014,85.157669,65.291954,"11,112.20",2.543,92.82,,
17-09-2014,84.994095,65.057411,"10,983.30",2.55,94.91,,
18-09-2014,84.598854,64.742424,"10,653.20",2.609,94.42,,
19-09-2014,85.048607,65.084236,"10,643.50",2.609,93.1,,
22-09-2014,84.155899,64.695526,"10,772.90",2.591,92.39,,
23-09-2014,83.862846,64.35376,"10,524.10",2.594,91.46,,
24-09-2014,83.413071,64.21302,"10,684.80",2.622,91.54,,
25-09-2014,82.240952,63.160912,"10,799.90",2.618,92.8,,
26-09-2014,82.779282,63.951679,"10,454.40",2.578,92.48,,
29-09-2014,82.152328,63.281567,"10,151.50",2.566,93.5,,
30-09-2014,81.314117,63.02689,"10,091.80",2.527,94.57,,
01-10-2014,80.176048,62.229404,"9,953.70",2.566,91.21,,
02-10-2014,79.808044,62.524277,"9,887.40",2.504,90.78,,
03-10-2014,80.216904,62.939743,"9,615.70",2.528,91.01,,
06-10-2014,80.475891,63.341831,"9,708.70",2.528,89.74,,
07-10-2014,79.065208,62.571198,"9,172.70",2.479,90.34,,
08-10-2014,80.380493,63.402157,"8,921.30",2.495,88.9,,
09-10-2014,78.036194,61.532471,"8,394.00",2.389,87.29,,
10-10-2014,77.613686,61.385044,"8,260.50",2.436,85.77,,
13-10-2014,76.346138,60.875717,"8,598.80",2.436,85.82,,
14-10-2014,74.812805,60.681393,"9,003.10",2.42,85.74,,
15-10-2014,74.46524,60.460239,"8,779.80",2.341,81.83,,
16-10-2014,75.685089,60.714878,"8,890.90",2.318,81.84,,
17-10-2014,76.189392,61.123657,"9,188.70",2.327,82.6,,
20-10-2014,75.978119,61.498932,"8,789.80",2.286,82.76,,
21-10-2014,78.43148,62.758816,"9,063.80",2.238,82.71,,
22-10-2014,77.68866,62.410362,"8,945.70",2.197,83.26,,
23-10-2014,79.181091,63.06707,"8,623.00",2.129,80.52,,
24-10-2014,78.990273,63.321751,"9,018.40",2.151,82,,
27-10-2014,78.383751,62.799023,"9,121.70",2.199,81.07,,
28-10-2014,79.821693,63.730526,"8,976.70",2.193,81,,
29-10-2014,79.828484,63.388752,"9,230.00",2.227,81.42,,
30-10-2014,79.86937,63.294937,"9,036.40",2.22,82.21,,
31-10-2014,81.743454,64.809456,"8,674.70",2.277,80.88,,
03-11-2014,79.583176,63.837753,"8,921.90",2.266,80.5,,
04-11-2014,78.622284,63.341831,"8,994.20",2.259,78.78,,
05-11-2014,79.767143,63.710419,"9,359.80",2.3,77.2,,
06-11-2014,80.775764,64.507881,"9,106.80",2.321,78.68,,
07-11-2014,80.959755,65.196388,"9,209.90",2.308,77.91,,
10-11-2014,80.360054,64.987129,"9,149.40",2.335,78.67,,
11-11-2014,80.714432,65.074875,"8,895.90",2.346,77.41,,
12-11-2014,80.176048,64.379639,"9,105.00",2.335,77.94,,
13-11-2014,79.358253,63.893673,"8,876.30",2.346,77.15,,
14-11-2014,80.004807,64.183884,"8,902.40",2.382,74.18,,
17-11-2014,79.612755,64.197411,"8,923.60",2.301,75.94,,
18-11-2014,79.420174,64.035408,"9,218.20",2.36,75.64,,
19-11-2014,80.107971,64.534912,"9,401.60",2.371,74.59,,
20-11-2014,80.68573,64.676643,"9,264.60",2.373,74.54,,
21-11-2014,81.559219,65.344872,"9,104.10",2.345,75.62,,
24-11-2014,80.878296,64.609138,"8,858.10",2.319,76.51,,
25-11-2014,79.887878,63.974648,"7,725.40",2.34,75.78,,
26-11-2014,79.172569,63.772179,"7,582.50",2.317,74.09,,
28-11-2014,74.880707,61.11274,"7,552.80",2.358,73.69,,
01-12-2014,76.847801,62.334435,"7,715.50",2.338,66.15,,
02-12-2014,78.422852,63.576424,"7,462.00",2.312,69,,
03-12-2014,78.209641,64.089401,"7,291.00",2.305,66.96,,
04-12-2014,77.226082,63.697903,"6,772.60",2.259,67.3,,
05-12-2014,76.256302,63.326672,"7,096.20",2.245,66.77,,
08-12-2014,73.456947,61.895733,"6,754.10",2.215,65.84,,
09-12-2014,73.601387,61.67971,"6,711.40",2.173,63.15,,
10-12-2014,72.122627,59.850521,"6,638.00",2.236,63.71,,
11-12-2014,72.157021,60.208275,"6,461.60",2.294,61.03,,
12-12-2014,70.416878,58.453323,"6,644.60",2.282,60.08,,
15-12-2014,69.371422,58.655823,"7,171.50",2.236,57.83,,
16-12-2014,69.949158,58.325073,"7,200.50",2.307,55.92,,
17-12-2014,72.920486,60.086788,"7,582.60",2.259,56.08,,
18-12-2014,74.990753,61.531239,"7,382.00",2.213,56.38,,
19-12-2014,77.673164,63.20517,"7,589.00",2.173,54.24,,
22-12-2014,77.054146,62.995945,"7,454.90",2.169,56.91,,
23-12-2014,78.374702,63.846409,"7,415.60",2.083,55.26,,
24-12-2014,78.044594,63.299671,"7,396.20",2.115,57.12,,
26-12-2014,77.89325,62.914944,"7,280.90",2.061,55.84,,
29-12-2014,77.941414,62.820423,"7,271.30",2.136,54.7,,
30-12-2014,77.796967,62.786697,"7,348.90",2.208,53.68,,
31-12-2014,77.157318,62.401955,"6,871.40",2.16,54.21,,
02-01-2015,77.432426,62.658459,"6,669.10",2.156,53.46,,
05-01-2015,74.337318,60.943993,"6,596.10",2.269,52.69,,
06-01-2015,74.30294,60.620003,"6,830.40",2.264,50.04,,
07-01-2015,74.241051,61.234241,"6,868.70",2.255,48.04,,
08-01-2015,75.939919,62.253452,"6,544.30",2.252,48.65,,
09-01-2015,74.426758,62.16571,"6,511.20",2.204,48.79,,
12-01-2015,72.824181,60.970989,"6,682.60",2.192,48.42,,
13-01-2015,71.668686,60.748257,"6,461.30",2.17,46.1,,
14-01-2015,71.462334,60.572777,"6,755.50",2.17,45.89,,
15-01-2015,70.616318,60.046272,"6,635.60",2.114,48.56,,
16-01-2015,72.301445,61.504223,"6,897.40",2.034,46.27,,
20-01-2015,73.22998,61.483986,"6,901.90",1.938,48.69,,
21-01-2015,74.392365,62.010468,"6,916.30",1.969,46.39,,
22-01-2015,74.915062,62.685421,"7,089.80",2.018,47.78,,
23-01-2015,73.491318,61.348988,"7,217.40",1.95,46.4,,
26-01-2015,74.887581,61.936195,"6,798.90",1.909,45.51,,
27-01-2015,74.461136,61.389488,"6,859.70",1.905,45.15,,
28-01-2015,71.331657,59.364536,"7,013.60",1.855,46.15,,
29-01-2015,70.843307,59.114811,"7,429.00",1.728,44.49,,
30-01-2015,70.52002,59.006809,"7,805.20",1.831,44.57,,
02-02-2015,72.947983,60.464779,"7,624.90",1.8,48.19,,
03-02-2015,75.334641,62.26696,"7,863.30",1.791,49.46,,
04-02-2015,74.523033,61.733727,"7,897.80",1.875,53.07,,
05-02-2015,75.183327,62.341221,"7,884.60",1.872,48.37,,
06-02-2015,75.389648,62.225601,"7,699.40",1.789,50.53,,
09-02-2015,75.953667,62.266407,"7,711.00",1.828,51.7,,
10-02-2015,75.781708,61.892376,"7,884.90",1.828,53.05,,
11-02-2015,75.644173,61.613537,"8,091.90",1.719,50.02,,
12-02-2015,76.998535,62.817249,"8,191.30",1.756,48.87,,
13-02-2015,78.332085,63.497314,"8,006.90",1.639,51.21,,
17-02-2015,78.068169,63.279682,"8,003.40",1.674,52.63,,
18-02-2015,76.706825,61.892376,"7,935.50",1.798,53.4,,
19-02-2015,75.255196,60.824684,"7,851.70",1.747,52.13,,
20-02-2015,75.428848,61.151119,"7,847.50",1.817,51.16,,
23-02-2015,74.914879,60.532246,"7,991.20",1.958,50.81,,
24-02-2015,74.984314,60.811069,"7,785.90",1.978,49.6,,
25-02-2015,75.41494,60.933491,"7,709.00",2.004,49.28,,
26-02-2015,74.359222,60.287418,"7,569.50",2.021,50.99,,
27-02-2015,74.095284,60.212616,"7,669.00",1.988,48.17,,
02-03-2015,73.553513,59.872574,"7,705.40",2.047,49.5,,
03-03-2015,73.039566,59.586956,"7,636.80",2.019,49.63,,
04-03-2015,73.039566,59.287746,"7,466.40",2.145,50.36,,
05-03-2015,72.740891,58.988503,"7,377.50",2.085,51.43,,
06-03-2015,71.921303,58.233646,"7,188.40",2.122,50.82,,
09-03-2015,72.199142,57.914001,"7,312.40",2.115,49.61,,
10-03-2015,71.476814,57.301979,"7,243.60",2.061,49.98,,
11-03-2015,71.91436,57.138744,"7,203.50",1.972,48.5,,
12-03-2015,71.136452,57.274761,"7,214.30",1.972,48.17,,
13-03-2015,70.580833,57.036724,"7,130.80",2.031,47.17,,
16-03-2015,71.629585,57.641979,"7,466.40",1.996,44.95,,
17-03-2015,71.657394,57.179558,"7,270.30",2.089,43.85,,
18-03-2015,74.109184,58.532875,"7,335.90",2.122,43.33,,
19-03-2015,72.754791,57.403961,"7,238.20",2.119,44.66,,
20-03-2015,74.338379,57.492363,"7,311.00",2.117,43.96,,
23-03-2015,73.567429,58.09763,"7,465.80",2.247,46.57,,
24-03-2015,72.372795,57.478783,"7,558.60",2.192,47.45,,
25-03-2015,73.393768,57.709991,"7,393.70",2.121,47.46,,
26-03-2015,73.102066,57.342773,"7,528.60",2.109,49.21,,
27-03-2015,72.428345,56.839535,"7,501.40",2.11,51.43,,
30-03-2015,74.248093,58.233646,"7,623.80",2.118,48.87,,
31-03-2015,72.914543,57.805199,"7,714.70",2.074,48.59,,
01-04-2015,72.782585,57.437977,"7,986.70",2.052,47.6,,
02-04-2015,73.122932,57.329166,"8,019.30",1.918,49.88,,
06-04-2015,74.261993,57.893604,"7,781.90",1.97,49.14,,
07-04-2015,75.387169,58.315258,"7,924.10",1.932,49.14,,
08-04-2015,74.081413,57.165943,"7,966.10",1.909,52.07,,
09-04-2015,74.282814,57.567162,"7,901.30",1.873,53.97,,
10-04-2015,74.255051,58.186028,"8,149.40",1.927,50.42,,
13-04-2015,73.970245,58.036427,"8,450.50",1.996,50.85,,
14-04-2015,75.595528,58.913677,"8,393.70",1.96,51.8,,
15-04-2015,76.685997,59.899788,"8,248.70",1.953,51.93,,
16-04-2015,76.512344,59.661762,"8,295.90",1.927,53.29,,
17-04-2015,75.783051,59.117706,"8,042.50",1.859,56.24,,
20-04-2015,76.602623,59.328552,"8,047.40",1.913,56.72,,
21-04-2015,76.213699,59.083698,"8,139.70",1.842,55.73,,
22-04-2015,76.053925,59.478168,"8,104.30",1.899,56.41,,
23-04-2015,76.380394,59.532558,"8,019.50",1.887,55.57,,
24-04-2015,76.310928,59.144924,"8,091.80",1.906,56.16,,
27-04-2015,76.192856,59.172127,"8,325.10",1.963,57.6,,
28-04-2015,77.179108,59.709377,"8,360.40",1.949,57.16,,
29-04-2015,77.602814,59.756977,"8,316.00",1.93,56.95,,
30-04-2015,77.137444,59.416939,"8,228.70",1.9,57.03,,
01-05-2015,75.734436,60.423424,"8,040.40",1.89,58.5,,
04-05-2015,75.23436,60.600258,"7,980.60",1.895,59.47,,
05-05-2015,75.0121,60.260235,"7,795.60",1.865,59.13,,
06-05-2015,74.977379,59.974609,"7,956.10",1.886,58.93,,
07-05-2015,74.713417,59.573368,"7,823.80",1.911,60.4,,
08-05-2015,75.463562,60.518635,"7,918.10",1.982,60.95,,
11-05-2015,74.567574,59.503822,"7,830.20",1.954,59,,
12-05-2015,74.706497,59.668396,"7,745.20",1.914,59.42,,
13-05-2015,74.803757,59.352982,"7,758.20",1.926,59.25,,
14-05-2015,75.324638,59.634106,"7,790.60",2.003,60.66,,
15-05-2015,75.780594,59.89465,"7,572.50",2.046,60.43,,
18-05-2015,74.812584,59.551834,"7,567.00",2.035,59.84,,
19-05-2015,73.669167,59.64782,"7,736.40",2.112,59.69,,
20-05-2015,73.830513,59.74382,"7,694.00",2.146,59.45,,
21-05-2015,73.998848,59.798672,"7,528.30",2.182,57.3,,
22-05-2015,73.57798,59.325554,"7,530.20",2.252,58.98,,
26-05-2015,72.45562,58.5233,"7,456.20",2.178,60.72,,
27-05-2015,72.329353,58.358723,"7,507.10",2.142,59.68,,
28-05-2015,72.42054,58.358723,"7,448.30",2.287,58.05,,
29-05-2015,72.25219,58.420444,"7,590.60",2.247,57.55,,
01-06-2015,71.99263,58.37244,"7,509.00",2.295,57.69,,
02-06-2015,71.957573,58.379292,"7,379.30",2.235,60.31,,
03-06-2015,71.669952,58.249012,"7,503.00",2.148,60.22,,
04-06-2015,71.122795,57.748478,"7,456.30",2.234,61.32,,
05-06-2015,71.263092,57.789616,"7,500.80",2.29,59.66,,
08-06-2015,70.442375,58.180439,"7,615.50",2.257,58.02,,
09-06-2015,70.442375,57.995304,"7,530.20",2.195,59.09,,
10-06-2015,71.431442,58.427303,"7,424.70",2.215,58.13,,
11-06-2015,70.933403,58.345013,"7,421.60",2.204,60.14,,
12-06-2015,70.056564,57.61134,"7,527.50",2.142,61.43,,
15-06-2015,69.649712,57.405621,"7,427.90",2.13,60.74,,
16-06-2015,70.175819,58.063881,"7,400.00",2.135,59.97,,
17-06-2015,69.979393,58.098179,"7,284.60",2.123,59.53,,
18-06-2015,70.323112,58.612453,"7,332.70",2.123,59.99,,
19-06-2015,69.77597,58.427303,"7,466.30",2.183,59.83,,
22-06-2015,70.351166,58.399887,"7,382.50",2.266,60.42,,
23-06-2015,70.210869,58.331303,"7,333.60",2.361,59.66,,
24-06-2015,69.635689,58.063881,"7,290.90",2.309,60.01,,
25-06-2015,68.983299,57.549633,"7,051.80",2.409,61.01,,
26-06-2015,69.165688,57.501629,"7,100.90",2.382,60.27,,
29-06-2015,67.825867,56.788521,"6,866.00",2.442,59.73,,
30-06-2015,67.671532,57.049068,"6,840.00",2.486,59.66,,
01-07-2015,67.404968,56.47995,"6,635.50",2.381,58.33,,
02-07-2015,67.250641,57.007927,"6,821.20",2.39,59.47,,
06-07-2015,66.479027,56.589676,"6,565.70",2.36,56.96,,
07-07-2015,66.829758,56.8228,"6,703.70",2.309,56.93,,
08-07-2015,65.630241,56.205688,"6,627.10",2.32,55.52,,
09-07-2015,65.784576,55.951973,"6,668.00",2.334,52.53,,
10-07-2015,66.226479,56.377113,"6,873.10",2.261,52.36,,
13-07-2015,66.359764,56.514248,"6,607.10",2.374,51.53,,
14-07-2015,67.026169,56.987358,"6,528.50",2.414,52.78,,
15-07-2015,66.107239,56.747368,"6,351.30",2.373,52.72,,
16-07-2015,66.275612,56.850231,"6,126.20",2.412,52.19,,
17-07-2015,65.342621,56.644524,"6,158.30",2.474,53,,
20-07-2015,65.195328,56.061695,"6,036.90",2.328,51.42,,
21-07-2015,65.868721,55.993118,"6,040.50",2.349,50.92,,
22-07-2015,65.595154,56.082249,"5,856.90",2.427,50.89,,
23-07-2015,65.195328,55.636547,"5,683.10",2.386,50.15,,
24-07-2015,63.553867,54.813721,"5,900.60",2.29,50.59,,
27-07-2015,62.52969,54.347462,"6,057.40",2.255,49.27,,
28-07-2015,64.816505,56.555378,"5,963.60",2.197,48.45,,
29-07-2015,65.412788,57.007927,"5,826.30",2.317,48.14,,
30-07-2015,65.258453,56.918793,"5,637.80",2.401,47.39,,
31-07-2015,62.066738,54.313183,"5,641.00",2.446,47.91,,
03-08-2015,60.046478,53.524639,"5,569.80",2.397,48.77,,
04-08-2015,59.772896,52.914391,"5,820.20",2.356,48.52,,
05-08-2015,58.94516,52.914391,"5,639.90",2.356,47.13,,
06-08-2015,59.758869,53.5452,"6,027.60",2.347,45.17,,
07-08-2015,58.748737,52.681252,"6,005.00",2.347,45.74,,
10-08-2015,60.249889,53.997768,"6,157.40",2.38,45.15,,
11-08-2015,60.172729,53.630955,"5,985.10",2.331,44.66,,
12-08-2015,60.881233,54.530674,"5,935.60",2.327,43.91,,
13-08-2015,60.221848,54.433796,"5,920.70",2.269,44.96,,
14-08-2015,60.320042,54.233086,"5,941.50",2.262,43.1,,
17-08-2015,59.119617,54.516853,"5,715.90",2.216,43.24,,
18-08-2015,59.268787,53.914707,"5,565.50",2.25,42.21,,
19-08-2015,57.471668,52.758907,"5,355.60",2.289,42.33,,
20-08-2015,56.285446,51.610004,"5,044.40",2.257,41.8,,
21-08-2015,53.813564,49.921288,"4,968.20",2.187,42.62,,
24-08-2015,51.228004,47.561218,"5,114.00",2.15,40.77,,
25-08-2015,49.736332,47.554298,"5,453.80",2.223,40.94,,
26-08-2015,51.917007,50.177368,"5,634.20",2.27,40.4,,
27-08-2015,55.148956,51.803806,"5,795.10",2.227,38.24,,
28-08-2015,57.130737,51.956066,"5,480.50",2.166,39.32,,
31-08-2015,57.528507,52.07373,"5,555.80",2.232,38.67,,
01-09-2015,55.539635,49.886692,"5,590.60",2.143,42.4,,
02-09-2015,55.447266,50.682598,"5,483.60",2.148,45.22,,
03-09-2015,55.589348,51.070187,"5,575.90",2.189,49.07,,
04-09-2015,54.459942,50.149689,"5,427.90",2.201,45.49,,
08-09-2015,54.580704,50.869465,"5,478.20",2.17,46.25,,
09-09-2015,53.216877,49.831314,"5,369.30",2.192,46.82,,
10-09-2015,53.742523,50.191193,"5,243.40",2.129,46.05,,
11-09-2015,53.834873,50.308861,"5,332.60",2.073,45.89,,
14-09-2015,53.820656,50.170448,"5,587.40",2.045,44.15,,
15-09-2015,54.815094,50.426529,"5,558.80",2.012,45.92,,
16-09-2015,56.129177,51.423145,"5,345.40",2.078,44.63,,
17-09-2015,56.406208,51.533871,"5,353.00",2.18,44.05,,
18-09-2015,55.219978,50.301937,"5,274.60",2.191,44.59,,
21-09-2015,55.468575,50.793339,"5,120.40",2.184,47.15,,
22-09-2015,54.871922,50.343468,"5,157.40",2.214,46.9,,
23-09-2015,54.069271,50.038948,"5,092.40",2.159,44.71,,
24-09-2015,54.616207,50.336544,"4,827.60",2.188,46.68,,
25-09-2015,55.19157,50.682598,"4,867.10",2.163,45.83,,
28-09-2015,53.820656,50.246582,"5,001.10",2.131,44.55,,
29-09-2015,54.161613,50.502655,"5,070.20",2.151,44.91,,
30-09-2015,56.029739,51.457745,"5,367.80",2.186,45.7,,
01-10-2015,55.646172,51.25705,"5,642.70",2.195,44.45,,
02-10-2015,57.926296,52.51667,"5,930.70",2.227,45.23,,
05-10-2015,59.687874,53.160336,"5,955.00",2.187,45.07,,
06-10-2015,61.79039,53.907799,"6,176.80",2.183,44.74,,
07-10-2015,62.593063,54.814438,"6,077.90",2.292,45.54,,
08-10-2015,63.864532,55.388893,"5,866.50",2.296,46.33,,
09-10-2015,63.62302,54.855968,"5,744.80",2.192,48.52,,
12-10-2015,63.033466,54.883652,"5,809.30",2.134,47.94,,
13-10-2015,62.777744,54.78677,"5,971.70",2.199,49.46,,
14-10-2015,63.757961,55.478874,"5,996.30",2.132,49.64,,
15-10-2015,64.439873,56.392448,"5,774.10",2.151,47.1,,
16-10-2015,64.84478,57.084538,"5,821.90",2.128,46.68,,
19-10-2015,63.94976,56.053303,"5,625.70",2.166,46.61,,
20-10-2015,63.921364,55.942577,"5,657.20",2.098,46.4,,
21-10-2015,63.452518,55.513477,"5,642.00",2.06,47.28,,
22-10-2015,65.079178,57.368298,"5,483.60",2.035,45.89,,
23-10-2015,64.809265,57.430588,"5,324.70",2.042,45.84,,
26-10-2015,63.05476,56.212505,"5,518.20",1.991,45.23,,
27-10-2015,62.294746,56.12252,"5,567.50",1.991,45.38,,
28-10-2015,63.779289,56.94611,"5,645.10",2.058,44.6,,
29-10-2015,63.85033,56.911537,"5,781.10",2.035,44.08,,
30-10-2015,64.553528,57.264473,"5,983.10",2.065,43.2,,
02-11-2015,67.45163,59.022415,"5,939.30",2.102,45.94,,
03-11-2015,69.710434,60.109024,"5,962.80",2.09,46.04,,
04-11-2015,68.737289,59.506912,"5,929.10",2.07,46.59,,
05-11-2015,67.160393,58.697151,"5,951.90",2.042,46.14,,
06-11-2015,66.791039,58.461823,"5,968.30",1.975,47.91,,
09-11-2015,65.576378,57.212154,"5,706.20",2.019,46.32,,
10-11-2015,66.222771,57.491413,"5,526.70",2.035,45.32,,
11-11-2015,65.484047,56.981781,"5,572.00",2.023,44.29,,
12-11-2015,63.829018,55.438911,"5,798.50",2.069,43.88,,
13-11-2015,62.990845,54.524338,"5,690.60",2.028,44.23,,
16-11-2015,65.751747,56.479126,"5,802.70",2.028,42.93,,
17-11-2015,65.449783,55.822872,"5,650.20",2.087,41.75,,
18-11-2015,66.298195,56.367416,"5,525.40",2.058,40.65,,
19-11-2015,65.305984,56.060226,"5,570.10",2.037,41.74,,
20-11-2015,63.997425,55.704189,"5,774.90",2.101,40.67,,
23-11-2015,64.716423,56.046272,"5,744.10",2.172,40.76,,
24-11-2015,65.679871,57.163296,"5,612.20",2.146,40.55,,
25-11-2015,65.334755,56.723461,"5,642.90",2.176,39.39,,
27-11-2015,64.97525,56.709511,"5,683.00",2.218,41.75,,
30-11-2015,65.658302,57.009693,"5,438.50",2.227,42.87,,
01-12-2015,66.492332,57.170269,"5,366.60",2.236,42.99,,
02-12-2015,64.888962,55.536633,"5,225.00",2.325,41.74,,
03-12-2015,63.882401,54.740757,"4,865.50",2.349,41.63,,
04-12-2015,64.500717,55.05492,"4,891.00",2.336,41.76,,
07-12-2015,62.753555,53.616776,"4,929.40",2.331,39.94,,
08-12-2015,62.149628,52.101814,"5,023.10",2.315,41.13,,
09-12-2015,62.983639,52.79995,"4,774.80",2.275,39.97,,
10-12-2015,64.20594,52.841839,"4,662.70",2.271,37.65,,
11-12-2015,62.149628,51.899349,"4,754.50",2.268,37.51,,
14-12-2015,64.227486,53.079197,"4,645.70",2.273,37.21,,
15-12-2015,66.693634,55.452854,"4,487.00",2.247,36.77,,
16-12-2015,67.182533,55.257385,"4,409.40",2.264,35.65,,
17-12-2015,65.097473,54.42659,"4,356.20",2.243,36.33,,
18-12-2015,64.572609,53.951874,"4,412.40",2.239,37.35,,
21-12-2015,64.162796,53.937912,"4,758.10",2.234,35.52,,
22-12-2015,64.903328,54.210186,"4,725.30",2.224,34.95,,
23-12-2015,67.448578,55.983444,"4,551.00",2.222,34.67,,
24-12-2015,66.183159,55.38306,"4,624.70",2.208,34.74,,
28-12-2015,64.968056,54.971161,"4,492.00",2.145,36.16,,
29-12-2015,65.607971,55.264378,"4,601.70",2.178,37.5,,
30-12-2015,64.773918,54.53133,"4,629.00",2.321,38.09,,
31-12-2015,64.680481,54.419617,"4,616.60",2.273,36.81,,
04-01-2016,63.882401,54.077545,"4,285.60",2.236,37.87,,
05-01-2016,64.428833,54.538303,"4,188.30",2.222,36.57,,
06-01-2016,61.883602,54.084526,"4,207.60",2.211,37.04,,
07-01-2016,59.690659,53.21883,"4,035.50",2.234,36.76,,
08-01-2016,59.05077,52.1437,"3,972.90",2.132,35.95,,
11-01-2016,58.072941,51.445576,"3,837.80",2.225,33.97,,
12-01-2016,59.065144,52.499744,"3,974.70",2.268,33.28,,
13-01-2016,58.475574,52.813919,"3,830.90",2.298,33.15,,
14-01-2016,61.452198,55.236443,"3,633.70",2.225,31.41,,
15-01-2016,60.157997,54.16132,"3,617.60",2.204,30.44,,
19-01-2016,58.604996,53.337509,"3,866.00",2.195,30.42,,
20-01-2016,56.785931,51.089512,"4,028.30",2.237,31.27,,
21-01-2016,58.27425,51.731812,"3,739.10",2.259,29.4,,
22-01-2016,60.064529,53.456196,"3,975.90",2.245,28.46,,
25-01-2016,58.159214,51.648048,"4,001.50",2.232,26.76,,
26-01-2016,60.48156,53.546955,"4,139.40",2.308,29.53,,
27-01-2016,59.884785,52.562588,"4,339.90",2.294,32.19,,
28-01-2016,61.775726,53.749413,"4,188.30",2.269,30.39,,
29-01-2016,62.171188,54.349808,"4,010.00",2.243,31.45,,
01-02-2016,61.322765,53.260727,"4,193.20",2.239,32.29,,
02-02-2016,58.41087,52.073895,"4,158.00",2.17,33.24,,
03-02-2016,60.841057,54.789627,"3,993.80",2.149,33.66,,
04-02-2016,60.963284,55.732124,"3,896.60",2.116,31.65,,
05-02-2016,59.59,55.906651,"3,742.40",2.175,29.88,,
08-02-2016,61.826065,56.660633,"3,706.10",2.105,32.31,,
09-02-2016,59.618767,56.414078,"3,634.60",2.091,31.67,,
10-02-2016,59.705029,55.899803,"3,724.00",2.091,30.89,,
11-02-2016,59.669094,56.075924,"3,671.80",2.037,29.72,,
12-02-2016,61.423447,57.083324,"3,844.00",2.045,28.07,,
16-02-2016,61.751095,57.217175,"3,689.10",2.056,27.58,,
17-02-2016,64.299461,57.766663,"3,620.70",1.988,26.2,,
18-02-2016,63.149071,58.08366,"3,796.30",2.028,29.44,,
19-02-2016,62.981602,58.118889,"3,582.70",2.057,29.07,,
22-02-2016,64.670807,58.041401,"3,659.80",2.006,30.66,,
23-02-2016,61.823895,57.224209,"3,665.90",2.003,30.77,,
24-02-2016,62.086014,57.428516,"3,756.10",2.003,29.6,,
25-02-2016,62.107868,57.773705,"3,737.80",1.982,31.48,,
26-02-2016,61.416149,57.590527,"3,823.90",1.923,31.85,,
29-02-2016,60.75359,56.463387,"4,036.10",1.95,32.15,,
01-03-2016,62.71217,57.259434,"4,232.50",1.852,33.13,,
02-03-2016,63.447578,58.259777,"4,394.90",1.883,32.71,,
03-03-2016,63.731533,58.04845,"4,565.50",1.846,33.75,,
04-03-2016,64.022812,57.970943,"4,190.50",1.843,34.4,,
07-03-2016,66.017822,59.499668,"4,345.20",1.748,34.57,,
08-03-2016,64.612572,58.210476,"4,325.70",1.731,34.57,,
09-03-2016,67.583252,58.04845,"4,522.90",1.673,35.91,,
10-03-2016,68.398727,57.893471,"4,446.40",1.664,37.89,,
11-03-2016,68.864723,57.900509,"4,446.10",1.746,36.49,,
14-03-2016,68.631744,58.055496,"4,620.70",1.772,38.2,,
15-03-2016,68.639008,58.344326,"4,703.70",1.779,37.84,,
16-03-2016,69.4618,58.379551,"4,700.00",1.816,38.5,,
17-03-2016,70.546661,59.246048,"4,694.30",1.741,37.22,,
18-03-2016,71.12915,59.316486,"4,704.40",1.743,36.33,,
21-03-2016,70.219025,58.907913,"4,474.50",1.755,38.5,,
22-03-2016,69.534592,59.260128,"4,535.30",1.716,40.19,,
23-03-2016,68.143906,58.999477,"4,492.40",1.752,39.47,,
24-03-2016,69.061333,59.161518,"4,555.00",1.714,39.91,,
28-03-2016,68.937538,59.330585,"4,548.20",1.764,41.41,,
29-03-2016,69.403557,59.548965,"4,622.50",1.738,39.8,,
30-03-2016,69.35257,59.541924,"4,542.80",1.827,39.48,,
31-03-2016,69.4618,58.886768,"4,489.10",1.835,39.34,,
01-04-2016,68.631744,58.442947,"4,451.00",1.835,38.31,,
04-04-2016,68.027397,58.583851,"4,603.60",1.876,38.37,,
05-04-2016,67.47403,57.914589,"4,605.50",1.904,38.34,,
06-04-2016,69.054047,58.689514,"4,779.20",1.831,36.77,,
07-04-2016,69.017632,58.027325,"4,778.30",1.88,35.75,,
08-04-2016,70.138947,58.619083,"5,095.00",1.936,35.89,,
11-04-2016,69.345291,58.696548,"5,041.10",1.98,37.69,,
12-04-2016,70.998108,59.422165,"5,044.00",1.961,37.26,,
13-04-2016,71.063629,59.760323,"4,966.80",1.968,39.65,,
14-04-2016,71.340309,60.182991,"5,059.90",1.913,40.41,,
15-04-2016,70.794228,59.858952,"5,184.50",1.898,42.07,,
18-04-2016,71.864532,60.429558,"5,254.40",1.877,41.76,,
19-04-2016,73.17514,60.732487,"5,199.40",1.917,41.42,,
20-04-2016,74.04158,61.148121,"5,384.30",1.944,40.36,,
21-04-2016,73.830452,61.141071,"5,302.50",1.879,39.78,,
22-04-2016,74.27459,61.66238,"5,465.30",1.9,41.08,,
25-04-2016,73.910553,61.521492,"5,629.60",1.883,42.74,,
26-04-2016,74.478447,61.732815,"5,456.70",1.804,43.23,,
27-04-2016,75.614311,62.317539,"5,437.90",1.828,43.73,,
28-04-2016,74.558571,62.014626,"5,397.40",1.77,42.64,,
29-04-2016,74.398361,62.275272,"5,148.30",1.774,43.91,,
02-05-2016,75.22113,62.78952,"5,026.00",1.762,45.24,,
03-05-2016,73.772202,62.070969,"5,137.40",1.72,46.01,,
04-05-2016,73.240669,61.95121,"5,072.60",1.758,45.91,,
05-05-2016,73.844994,62.021645,"4,962.00",1.687,44.77,,
06-05-2016,74.16539,62.352768,"5,159.10",1.717,43.65,,
09-05-2016,73.065926,62.395039,"5,207.80",1.722,43.78,,
10-05-2016,73.735786,63.395382,"5,192.20",1.776,44.32,,
11-05-2016,73.641129,63.089928,"5,107.60",1.766,44.61,,
12-05-2016,74.354691,63.700844,"5,217.80",1.792,43.44,,
13-05-2016,73.349892,62.983356,"5,292.30",1.753,44.66,,
16-05-2016,74.478447,63.629822,"5,217.60",1.771,46.17,,
17-05-2016,74.132645,63.601387,"5,191.50",1.787,46.52,,
18-05-2016,73.624908,63.473518,"5,235.70",1.845,46.2,,
19-05-2016,73.470413,64.013412,"5,226.20",1.865,47.71,,
20-05-2016,73.426262,63.750568,"5,259.50",1.891,48.31,,
23-05-2016,73.124565,63.651138,"5,421.20",1.914,48.15,,
24-05-2016,73.720573,63.700844,"5,383.40",1.931,48.16,,
25-05-2016,74.883133,64.119957,"5,358.60",1.852,47.67,,
26-05-2016,74.684502,63.793221,"5,394.90",1.824,48.11,,
27-05-2016,75.067101,63.942398,"5,394.90",1.835,48.62,,
31-05-2016,74.316582,63.23909,"5,457.10",1.872,49.51,,
01-06-2016,74.412239,63.39539,"5,474.50",1.796,49.47,,
02-06-2016,73.970741,62.891026,"5,405.00",1.777,49.33,,
03-06-2016,74.066444,62.77734,"5,556.40",1.742,49.07,,
06-06-2016,74.441673,63.466415,"5,704.20",1.779,49.09,,
07-06-2016,76.023674,64.439651,"5,650.80",1.751,49.07,,
08-06-2016,75.854424,64.496483,"5,620.70",1.754,48.7,,
09-06-2016,75.648407,64.41124,"5,346.90",1.735,49.68,,
10-06-2016,75.037674,63.921082,"5,308.30",1.748,50.37,,
13-06-2016,75.125977,64.354416,"5,320.70",1.702,51.18,,
14-06-2016,74.522614,64.240761,"5,322.50",1.757,50.53,,
15-06-2016,74.044327,64.048958,"5,185.30",1.772,49.07,,
16-06-2016,74.368103,64.801956,"5,335.50",1.859,48.83,,
17-06-2016,74.735992,64.446777,"5,434.70",1.847,48.47,,
20-06-2016,75.501244,64.730934,"5,521.00",1.844,48.01,,
21-06-2016,75.964798,65.022186,"5,466.50",1.835,46.24,,
22-06-2016,75.26577,64.766464,"5,567.60",1.865,48,,
23-06-2016,76.847771,65.213974,"5,271.60",1.872,49.32,,
24-06-2016,74.978798,63.501953,"4,992.90",1.83,48.85,,
27-06-2016,73.845665,63.12542,"5,234.30",1.851,49.1,,
28-06-2016,74.780144,64.581741,"5,346.00",1.862,50.11,,
29-06-2016,76.097244,65.682854,"5,297.30",1.851,47.62,,
30-06-2016,77.13472,66.59214,"5,402.50",1.839,46.33,,
01-07-2016,76.634377,66.663162,"5,188.00",1.799,47.86,,
05-07-2016,76.207619,66.080666,"5,223.30",1.702,49.73,,
06-07-2016,76.95079,66.840782,"5,125.60",1.737,48.33,,
07-07-2016,75.824989,66.038055,"5,228.40",1.716,48.99,,
08-07-2016,77.090584,66.450058,"5,207.60",1.704,46.65,,
11-07-2016,77.546783,66.698708,"5,461.80",1.682,47.36,,
12-07-2016,78.569542,67.451744,"5,344.70",1.644,45.19,,
13-07-2016,78.4739,67.401993,"5,335.30",1.613,45.32,,
14-07-2016,78.510681,67.451744,"5,304.40",1.613,44.77,,
15-07-2016,78.753494,67.572472,"5,332.00",1.575,46.7,,
18-07-2016,78.061821,67.35936,"5,275.80",1.579,44.92,,
19-07-2016,78.02504,67.110741,"5,279.60",1.611,45.52,,
20-07-2016,77.693947,66.727135,"5,189.20",1.678,45.92,,
21-07-2016,77.546783,66.670288,"5,198.70",1.709,45.33,,
22-07-2016,77.745461,66.783951,"5,065.10",1.687,44.73,,
25-07-2016,75.839729,65.498154,"5,164.90",1.744,44.85,,
26-07-2016,75.55275,65.022186,"5,052.80",1.562,44.73,,
27-07-2016,75.243713,64.581741,"5,078.50",1.444,44.27,,
28-07-2016,74.897896,64.07737,"5,212.00",1.465,43.18,,
29-07-2016,75.405579,63.189377,"4,992.00",1.517,42.92,,
01-08-2016,72.925919,60.994244,"5,023.70",1.475,41.92,,
02-08-2016,73.279106,61.832527,"5,223.00",1.456,41.14,,
03-08-2016,74.029617,62.15221,"5,252.90",1.441,41.53,,
04-08-2016,73.867744,62.145111,"5,329.60",1.375,40.06,,
05-08-2016,73.956062,62.201912,"5,442.10",1.373,39.52,,
08-08-2016,74.463753,62.933632,"5,373.70",1.385,40.83,,
09-08-2016,74.55204,63.01178,"5,302.30",1.358,41.86,,
10-08-2016,73.683792,61.908451,"5,443.00",1.43,41.8,,
11-08-2016,74.610924,62.130535,"5,484.90",1.507,43.04,,
12-08-2016,75.170143,62.940125,"5,596.20",1.473,42.71,,
15-08-2016,75.61898,62.911457,"5,594.40",1.537,41.71,,
16-08-2016,75.508583,62.990265,"5,598.90",1.558,43.42,,
17-08-2016,76.006805,63.126415,"5,760.40",1.582,44.49,,
18-08-2016,76.995712,63.699558,"5,716.40",1.558,45.73,,
19-08-2016,76.081146,62.904324,"5,606.00",1.58,46.65,,
22-08-2016,75.798599,63.040436,"5,696.80",1.556,46.79,,
23-08-2016,75.605247,62.846996,"5,640.50",1.566,48.22,,
24-08-2016,75.991905,63.061939,"5,642.60",1.575,48.52,,
25-08-2016,75.761414,62.660706,"5,660.40",1.563,46.81,,
26-08-2016,75.337585,62.52459,"5,710.30",1.503,48.14,,
29-08-2016,75.880386,62.932968,"5,701.20",1.508,46.75,,
30-08-2016,75.620132,62.703678,"5,588.00",1.45,47.33,,
31-08-2016,74.787346,62.431454,"5,568.30",1.52,47.64,,
01-09-2016,74.512215,62.216503,"5,676.30",1.554,46.98,,
02-09-2016,75.0476,62.632069,"5,750.00",1.545,46.34,,
06-09-2016,76.162926,63.455956,"5,792.30",1.503,44.7,,
07-09-2016,76.49752,63.219555,"5,944.60",1.59,43.24,,
08-09-2016,77.419563,63.799866,"5,744.70",1.59,44.33,,
09-09-2016,75.300415,62.216503,"5,812.80",1.592,44.87,,
12-09-2016,76.029099,62.538914,"5,564.90",1.549,45.5,,
13-09-2016,73.932243,61.04871,"5,427.70",1.513,47.63,,
14-09-2016,73.181259,60.611668,"5,509.40",1.561,45.88,,
15-09-2016,73.984299,60.955559,"5,497.70",1.51,46.25,,
16-09-2016,72.749992,60.203281,"5,493.00",1.51,44.88,,
19-09-2016,72.898697,60.060005,"5,410.70",1.558,43.6,,
20-09-2016,72.645889,59.135769,"5,605.40",1.575,43.87,,
21-09-2016,74.080956,59.680294,"5,659.90",1.549,43.03,,
22-09-2016,74.341194,59.852219,"5,500.90",1.534,43.42,,
23-09-2016,73.776085,59.787743,"5,490.40",1.58,43.85,,
26-09-2016,73.448929,59.508335,"5,364.50",1.544,45.3,,
27-09-2016,73.597633,59.63731,"5,702.90",1.546,46.32,,
28-09-2016,75.95475,62.259491,"5,751.40",1.563,44.54,,
29-09-2016,75.300415,61.944279,"5,854.80",1.578,45.78,,
30-09-2016,76.527267,62.531765,"5,868.40",1.628,44.67,,
03-10-2016,76.177795,62.366966,"5,796.50",1.563,47.29,,
04-10-2016,75.300415,61.793823,"5,939.60",1.57,47.83,,
05-10-2016,76.014221,62.331139,"5,920.60",1.578,48.24,,
06-10-2016,75.977036,62.35981,"5,834.60",1.568,48.71,,
07-10-2016,76.043953,62.144871,"5,960.30",1.607,48.63,,
10-10-2016,77.31546,63.362831,"5,880.00",1.609,49.73,,
11-10-2016,76.616501,62.861301,"5,825.40",1.536,50.46,,
12-10-2016,75.95475,62.424267,"5,793.90",1.536,49.76,,
13-10-2016,74.943489,62.0159,"5,732.40",1.601,51.24,,
14-10-2016,75.159119,62.001595,"5,688.20",1.675,50.73,,
17-10-2016,75.367325,62.001595,"5,692.90",1.666,50.2,,
18-10-2016,75.687057,62.166367,"5,789.70",1.729,50.4,,
19-10-2016,76.043953,62.452934,"5,800.10",1.698,50.33,,
20-10-2016,75.746536,62.481586,"5,772.60",1.698,49.95,,
21-10-2016,75.322716,62.058891,"5,700.90",1.694,50.32,,
24-10-2016,74.846817,62.266651,"5,593.20",1.694,51.52,,
25-10-2016,74.928635,62.130535,"5,594.60",1.707,50.43,,
26-10-2016,75.240929,62.395622,"5,600.40",1.693,50.84,,
27-10-2016,74.2966,62.27383,"5,506.50",1.655,50.52,,
28-10-2016,77.196472,60.740631,"5,386.90",1.618,49.81,,
31-10-2016,77.887978,59.694607,"5,391.00",1.62,49.12,,
01-11-2016,79.174355,59.931046,"5,295.60",1.62,49.66,,
02-11-2016,78.363876,59.787743,"5,335.20",1.584,48.76,,
03-11-2016,78.363876,59.93821,"5,289.70",1.56,46.82,,
04-11-2016,77.910278,59.873726,"5,415.70",1.572,46.75,,
07-11-2016,79.449455,61.220627,"5,396.70",1.558,45.34,,
08-11-2016,79.776649,61.661556,"5,638.60",1.598,44.68,,
09-11-2016,80.03688,62.340973,"5,628.70",1.627,44.09,,
10-11-2016,80.148422,62.919205,"5,552.10",1.69,44.89,,
11-11-2016,79.293327,61.921764,"5,622.30",1.706,44.96,,
14-11-2016,79.256142,61.63987,"5,851.90",1.739,45.21,,
15-11-2016,81.018379,62.75296,"5,800.20",1.723,44.59,,
16-11-2016,81.371353,61.97958,"5,795.30",1.765,43.25,,
17-11-2016,81.198624,61.603729,"5,825.00",1.767,43.32,,
18-11-2016,82.009712,61.63987,"6,074.80",1.771,45.82,,
21-11-2016,82.745697,62.514454,"6,062.10",1.746,45.57,,
22-11-2016,83.076126,62.651794,"6,110.00",1.805,45.27,,
23-11-2016,83.361511,62.825249,"6,027.20",1.805,45.57,,
25-11-2016,83.361511,62.969818,"5,824.40",1.768,47.48,,
28-11-2016,82.986,62.5,"5,713.20",1.74,48.07,,
29-11-2016,82.114853,62.088001,"6,365.40",1.747,47.96,,
30-11-2016,83.782066,63.099903,"6,391.10",1.756,46.06,,
01-12-2016,85.081322,63.056538,"6,382.20",1.736,47.08,,
02-12-2016,84.863518,62.912003,"6,453.10",1.766,45.28,,
05-12-2016,85.051292,63.230011,"6,486.80",1.758,49.36,,
06-12-2016,84.683266,63.287842,"6,515.70",1.791,51.1,,
07-12-2016,85.944962,63.656467,"6,587.10",1.85,51.61,,
08-12-2016,86.493195,63.837154,"6,564.00",1.849,51.54,,
09-12-2016,86.973854,64.328682,"6,512.50",1.826,50.91,,
12-12-2016,87.980202,65.759796,"6,598.10",1.827,49.83,,
13-12-2016,88.182945,66.91626,"6,349.00",1.801,50.87,,
14-12-2016,87.086517,65.47068,"6,378.20",1.81,51.44,,
15-12-2016,87.905113,65.69474,"6,388.40",1.778,52.77,,
16-12-2016,88.678612,65.904358,"6,426.00",1.828,52.91,,
19-12-2016,88.355698,65.355026,"6,396.40",1.858,51.04,,
20-12-2016,88.581001,65.362251,"6,385.00",2.068,50.9,,
21-12-2016,88.550964,65.25386,"6,421.30",2.138,51.95,,
22-12-2016,89.196808,65.680298,"6,426.10",2.254,52.12,,
23-12-2016,88.933975,65.564636,"6,466.50",2.23,52.22,,
27-12-2016,88.783768,65.593559,"6,385.30",2.214,52.56,,
28-12-2016,88.550964,65.268288,"6,342.10",2.297,52.95,,
29-12-2016,88.483353,65.30442,"6,308.60",2.348,53.02,,
30-12-2016,88.393257,65.239365,"6,395.00",2.314,53.84,,
03-01-2017,88.505905,65.69474,"6,428.00",2.314,54.04,,
04-01-2017,88.483353,64.971947,"6,408.90",2.355,53.76,,
05-01-2017,88.100357,64.003387,"6,357.40",2.382,53.67,,
06-01-2017,87.747383,63.967262,"6,183.20",2.359,53.81,,
09-01-2017,86.996368,62.912003,"6,182.80",2.312,52.32,,
10-01-2017,86.335495,62.109692,"6,244.30",2.293,53.26,,
11-01-2017,87.063957,62.745747,"6,201.00",2.39,53.75,,
12-01-2017,87.236687,62.406025,"6,164.50",2.454,53.99,,
13-01-2017,87.401917,62.413265,"6,258.10",2.392,51.94,,
17-01-2017,87.326828,63.143272,"6,249.80",2.401,50.84,,
18-01-2017,87.071495,62.362648,"6,228.10",2.392,52.16,,
19-01-2017,86.801117,61.242325,"6,255.70",2.344,53.04,,
20-01-2017,86.816124,62.080772,"6,193.10",2.409,52.37,,
23-01-2017,86.658424,61.41581,"6,293.40",2.466,52.49,,
24-01-2017,87.394409,61.502533,"6,338.10",2.477,51.08,,
25-01-2017,88.047783,61.683231,"6,361.60",2.473,51.37,,
26-01-2017,87.52961,61.871151,"6,292.00",2.567,52.33,,
27-01-2017,85.456825,61.806103,"6,112.50",2.606,52.75,,
30-01-2017,83.977333,61.336288,"6,099.10",2.599,53.16,,
31-01-2017,83.624367,60.635178,"6,054.50",2.544,52.75,,
01-02-2017,83.361511,59.948524,"6,104.20",2.56,53.76,,
02-02-2017,84.270218,60.317131,"6,193.90",2.538,53.17,,
03-02-2017,85.291611,60.382202,"6,102.90",2.553,52.63,,
06-02-2017,84.848511,60.215961,"5,955.50",2.543,52.74,,
07-02-2017,83.654404,59.825645,"5,965.20",2.543,53.82,,
08-02-2017,83.797104,59.431782,"6,079.80",2.561,53.55,,
09-02-2017,84.30777,59.694363,"6,144.00",2.512,53.83,,
10-02-2017,84.90107,60.190376,"6,090.30",2.477,53.04,,
13-02-2017,85.546959,60.54047,"6,146.20",2.446,52.17,,
14-02-2017,85.311913,60.409187,"6,114.50",2.446,52.34,,
15-02-2017,85.349815,60.657192,"6,006.00",2.448,53,,
16-02-2017,83.916832,60.029892,"5,979.00",2.441,53.86,,
17-02-2017,83.651474,59.636002,"6,052.90",2.348,52.93,,
21-02-2017,84.705353,59.730824,"5,877.10",2.421,53.2,,
22-02-2017,83.689369,59.030617,"5,873.30",2.368,53.11,,
23-02-2017,84.174599,59.6506,"5,760.20",2.378,53.36,,
24-02-2017,83.492233,59.140011,"5,804.10",2.37,53.4,,
27-02-2017,84.728088,59.475548,"5,753.70",2.361,54.06,,
28-02-2017,85.296745,59.315075,"5,912.60",2.398,53.59,,
01-03-2017,86.34304,60.555042,"5,768.30",2.378,54.45,,
02-03-2017,85.948784,60.759308,"5,747.30",2.325,53.99,,
03-03-2017,86.092842,60.146606,"5,788.60",2.428,54.05,,
06-03-2017,85.804726,60.416473,"5,708.00",2.47,54.01,,
07-03-2017,84.773582,60.190376,"5,464.10",2.467,53.83,,
08-03-2017,83.10556,59.103546,"5,505.90",2.401,52.61,,
09-03-2017,83.431595,59.570358,"5,482.80",2.465,53.33,,
10-03-2017,83.863747,59.526619,"5,524.50",2.515,53.2,,
13-03-2017,82.908417,59.388023,"5,447.80",2.512,53.14,,
14-03-2017,81.39962,59.074371,"5,615.00",2.486,50.28,,
15-03-2017,82.552071,59.811054,"5,559.60",2.49,49.28,,
16-03-2017,81.778702,59.862129,"5,550.60",2.466,48.49,,
17-03-2017,81.642242,59.811054,"5,555.60",2.477,48.4,,
20-03-2017,81.627075,59.811054,"5,428.90",2.474,47.72,,
21-03-2017,81.915176,59.687077,"5,379.60",2.467,48.86,,
22-03-2017,82.180534,59.636002,"5,358.70",2.417,48.75,,
23-03-2017,81.786308,59.708954,"5,356.80",2.397,48.78,,
24-03-2017,81.877274,59.249439,"5,388.10",2.34,48.22,,
27-03-2017,80.58078,59.264015,"5,529.20",2.397,47.5,,
28-03-2017,81.255562,59.694363,"5,677.50",2.409,48.04,,
29-03-2017,81.937935,59.825661,"5,629.60",2.436,47.7,,
30-03-2017,81.718048,61.051052,"5,700.60",2.472,47.97,,
31-03-2017,81.407211,59.818371,"5,671.70",2.497,47.73,,
03-04-2017,81.733223,59.862129,"5,759.90",2.447,48.37,,
04-04-2017,82.385277,60.080944,"5,624.40",2.42,49.51,,
05-04-2017,82.370117,60.197651,"5,705.10",2.436,50.35,,
06-04-2017,82.862946,60.54776,"5,666.00",2.431,50.6,,
07-04-2017,82.536926,60.365421,"5,760.40",2.415,50.24,,
10-04-2017,82.969101,60.635284,"5,765.60",2.375,51.03,,
11-04-2017,82.620308,60.423779,"5,666.90",2.315,51.15,,
12-04-2017,82.620308,60.518597,"5,530.80",2.367,51.7,,
13-04-2017,80.444313,59.584969,"5,556.00",2.397,52.24,,
17-04-2017,80.497375,59.504723,"5,472.60",2.458,53.08,,
18-04-2017,80.12587,59.11813,"5,323.70",2.481,53.4,,
19-04-2017,79.026474,58.709667,"5,331.30",2.482,53.11,,
20-04-2017,79.51931,59.088959,"5,349.60",2.494,53.18,,
21-04-2017,79.526901,58.855553,"5,384.10",2.518,52.65,,
24-04-2017,80.315407,59.161911,"5,493.80",2.56,52.41,,
25-04-2017,80.921974,59.614136,"5,466.50",2.609,50.44,,
26-04-2017,80.429131,59.373425,"5,366.80",2.575,50.27,,
27-04-2017,79.966652,59.271317,"5,326.60",2.626,49.62,,
28-04-2017,80.899208,59.555794,"5,318.80",2.602,49.23,,
01-05-2017,80.307823,59.854832,"5,284.10",2.5,49.56,,
02-05-2017,79.88324,59.847561,"5,286.10",2.537,49.62,,
03-05-2017,80.914391,60.321648,"5,102.80",2.5,48.97,,
04-05-2017,79.466232,59.548496,"5,302.50",2.5,49.33,,
05-05-2017,80.209259,59.825661,"5,376.20",2.463,48.84,,
08-05-2017,80.884041,60.460239,"5,307.80",2.416,47.66,,
09-05-2017,79.670937,60.037182,"5,425.30",2.403,47.82,,
10-05-2017,80.747597,60.309624,"5,390.90",2.418,45.52,,
11-05-2017,80.527718,60.825016,"5,368.60",2.418,46.22,,
12-05-2017,80.338158,60.780838,"5,401.60",2.378,46.43,,
15-05-2017,81.012947,60.964905,"5,351.70",2.42,45.88,,
16-05-2017,81.316216,60.780838,"5,276.10",2.38,47.33,,
17-05-2017,80.190331,60.368515,"5,264.10",2.421,47.83,,
18-05-2017,80.550301,60.191814,"5,396.50",2.389,47.84,,
19-05-2017,81.58429,60.324329,"5,353.10",2.323,48.85,,
22-05-2017,81.277946,60.589394,"5,348.50",2.364,48.66,,
23-05-2017,81.39283,60.802933,"5,286.10",2.339,49.07,,
24-05-2017,81.354523,60.589394,"5,141.80",2.341,49.35,,
25-05-2017,80.504372,60.191814,"5,160.30",2.382,50.33,,
26-05-2017,80.205643,60.04454,"5,012.90",2.366,50.73,,
30-05-2017,79.700165,59.713219,"4,951.90",2.298,51.47,,
31-05-2017,79.255951,59.27145,"5,012.10",2.244,51.36,,
01-06-2017,79.861,59.418697,"4,910.10",2.232,48.9,,
02-06-2017,78.972542,58.535149,"4,894.80",2.248,49.8,,
05-06-2017,79.033844,58.99165,"5,024.50",2.172,49.66,,
06-06-2017,79.784401,59.794201,"4,811.10",2.216,48.32,,
07-06-2017,79.478043,59.573326,"4,774.00",2.236,48.36,,
08-06-2017,79.65419,59.359802,"4,957.60",2.246,47.66,,
09-06-2017,81.492378,60.471592,"4,986.20",2.246,47.4,,
12-06-2017,82.748474,61.060642,"5,115.20",2.273,48.19,,
13-06-2017,82.81739,61.082699,"4,889.60",2.334,45.72,,
14-06-2017,81.645561,60.427422,"4,768.50",2.303,45.64,,
15-06-2017,81.438766,60.567307,"4,816.60",2.3,45.83,,
16-06-2017,82.985886,61.472946,"4,807.80",2.289,46.08,,
19-06-2017,82.304245,60.935463,"4,746.30",2.322,46.46,,
20-06-2017,81.55365,60.604118,"4,590.20",2.287,44.73,,
21-06-2017,80.029495,59.963558,"4,603.00",2.322,44.46,,
22-06-2017,79.998871,59.698479,"4,718.80",2.352,44.74,,
23-06-2017,80.420113,60.088718,"4,736.20",2.351,44.2,,
26-06-2017,79.761414,59.816292,"4,737.40",2.389,43.23,,
27-06-2017,79.707825,59.720585,"4,769.00",2.398,42.53,,
28-06-2017,79.868668,60.029827,"4,830.30",2.411,42.74,,
29-06-2017,79.746117,59.418697,"4,857.10",2.393,43.01,,
30-06-2017,79.906944,59.440792,"4,974.60",2.326,43.38,,
03-07-2017,81.415794,60.449509,"4,795.60",2.343,44.24,,
05-07-2017,80.129082,59.529129,"4,687.10",2.326,44.74,,
06-07-2017,79.516342,58.99165,"4,667.30",2.223,44.93,,
07-07-2017,79.263588,59.065289,"4,743.50",2.228,46.04,,
10-07-2017,78.918938,59.021103,"4,779.30",2.235,47.07,,
11-07-2017,78.980202,59.345058,"4,781.30",2.252,45.13,,
12-07-2017,79.569962,59.610138,"4,819.60",2.282,45.52,,
13-07-2017,79.753777,59.617504,"4,858.50",2.252,44.23,,
14-07-2017,79.991188,59.845745,"4,855.30",2.255,44.4,,
17-07-2017,79.815041,59.536507,"4,800.30",2.25,45.04,,
18-07-2017,79.439743,59.345058,"4,970.90",2.243,45.49,,
19-07-2017,80.006531,59.529129,"4,875.70",2.208,46.08,,
20-07-2017,80.136734,59.536507,"4,818.40",2.206,46.54,,
21-07-2017,79.079781,58.99165,"4,813.10",2.213,46.02,,
24-07-2017,79.041466,58.807587,"4,964.20",2.159,46.4,,
25-07-2017,79.952919,59.1021,"4,957.30",2.183,47.12,,
26-07-2017,80.512024,59.17572,"5,007.50",2.145,46.79,,
27-07-2017,81.270271,59.51442,"4,996.90",2.176,45.77,,
28-07-2017,82.809746,58.608788,"4,951.70",2.192,46.34,,
31-07-2017,83.62925,58.932747,"4,911.10",2.202,47.89,,
01-08-2017,84.847061,59.028458,"4,825.40",2.214,48.75,,
02-08-2017,84.601952,59.345058,"4,649.10",2.211,49.04,,
03-08-2017,83.813072,59.264072,"4,762.30",2.127,49.71,,
04-08-2017,84.333893,59.057911,"4,678.70",2.164,50.17,,
07-08-2017,84.081146,59.021103,"4,671.70",2.153,49.16,,
08-08-2017,84.5177,58.87384,"4,691.30",2.191,49.59,,
09-08-2017,84.93129,59.057911,"4,623.60",2.157,49.03,,
10-08-2017,84.333893,58.708496,"4,629.30",2.165,49.58,,
11-08-2017,83.659889,58.143501,"4,574.80",2.148,49.39,,
14-08-2017,83.261642,58.158363,"4,556.50",2.144,49.17,,
15-08-2017,83.154396,58.01712,"4,491.90",2.135,49.56,,
16-08-2017,82.651535,57.593369,"4,423.50",2.203,48.59,,
17-08-2017,81.939819,56.693836,"4,478.30",2.226,48.82,,
18-08-2017,82.373062,56.976326,"4,419.00",2.267,47.59,,
21-08-2017,81.831528,56.78302,"4,457.80",2.304,47.55,,
22-08-2017,82.280228,57.050655,"4,505.50",2.304,46.78,,
23-08-2017,82.473618,56.95401,"4,514.60",2.348,47.09,,
24-08-2017,83.115723,56.745861,"4,520.20",2.334,48.51,,
25-08-2017,83.726868,57.035793,"4,491.20",2.327,47.37,,
28-08-2017,83.363274,56.849949,"4,486.90",2.368,47.64,,
29-08-2017,83.440613,56.835075,"4,503.10",2.386,48.41,,
30-08-2017,83.340073,56.574875,"4,584.20",2.373,47.43,,
31-08-2017,83.254967,56.745861,"4,652.00",2.361,47.87,,
01-09-2017,84.136879,56.924278,"4,622.60",2.319,46.57,,
05-09-2017,84.662933,57.377762,"4,702.90",2.348,46.44,,
06-09-2017,86.480888,58.567245,"4,670.60",2.332,45.96,,
07-09-2017,86.488625,58.753105,"4,537.50",2.314,47.23,,
08-09-2017,85.699562,58.597004,"4,583.90",2.261,47.29,,
11-09-2017,87.045593,58.916668,"4,682.70",2.271,48.66,,
12-09-2017,87.022408,59.102528,"4,813.30",2.257,49.16,,
13-09-2017,88.329765,59.303242,"4,835.80",2.237,49.09,,
14-09-2017,88.538643,59.541153,"4,843.10",2.257,47.48,,
15-09-2017,88.67791,59.526279,"4,889.70",2.332,48.07,,
18-09-2017,89.11113,59.541153,"4,900.30",2.293,48.23,,
19-09-2017,90.000771,59.637775,"5,004.50",2.319,49.3,,
20-09-2017,90.023979,59.883133,"5,008.90",2.291,49.89,,
21-09-2017,90.101303,59.39246,"5,029.60",2.296,49.89,,
22-09-2017,90.735687,59.414753,"5,172.70",2.253,49.91,,
25-09-2017,91.277206,60.202805,"5,192.00",2.271,49.48,,
26-09-2017,90.91362,60.135887,"5,230.60",2.219,50.41,,
27-09-2017,90.859451,60.537346,"5,204.90",2.264,50.55,,
28-09-2017,90.990982,61.102348,"5,191.80",2.257,50.66,,
29-09-2017,90.89814,60.946243,"5,218.50",2.262,52.22,,
02-10-2017,90.844002,60.686031,"5,217.90",2.249,51.88,,
03-10-2017,91.145699,60.782677,"5,187.00",2.201,52.14,,
04-10-2017,90.960037,60.804966,"5,226.70",2.191,51.56,,
05-10-2017,91.733643,60.975967,"5,112.80",2.224,51.67,,
06-10-2017,90.534531,60.745487,"5,129.40",2.273,50.58,,
09-10-2017,91.0606,60.983414,"5,119.20",2.226,50.42,,
10-10-2017,91.903847,61.154381,"5,152.10",2.185,49.98,,
11-10-2017,92.31382,61.407146,"5,112.60",2.197,50.79,,
12-10-2017,92.166847,61.280766,"5,110.80",2.183,49.29,,
13-10-2017,92.18232,61.2659,"5,116.30",2.217,49.58,,
16-10-2017,92.932701,61.563259,"5,124.90",2.169,50.92,,
17-10-2017,93.002335,61.674778,"5,083.20",2.196,51.3,,
18-10-2017,91.40097,61.5261,"5,042.70",2.169,50.6,,
19-10-2017,91.439667,61.511234,"5,067.80",2.159,51.45,,
20-10-2017,91.780052,61.786301,"4,948.00",2.129,51.87,,
23-10-2017,92.004364,61.88295,"4,948.80",2.136,51.88,,
24-10-2017,92.236473,62.053936,"4,904.40",2.121,52.04,,
25-10-2017,91.62532,61.830906,"4,933.10",2.166,51.29,,
26-10-2017,91.62532,62.053936,"5,083.80",2.166,51.84,,
27-10-2017,87.834679,62.232349,"5,136.20",2.063,51.9,,
30-10-2017,88.492233,62.105965,"5,217.20",2.106,52.47,,
31-10-2017,89.652641,61.964722,"5,367.80",2.042,52.18,,
01-11-2017,89.66037,62.351299,"5,307.60",2.054,52.64,,
02-11-2017,89.219414,62.098541,"5,383.20",2.134,53.9,,
03-11-2017,88.95639,61.838333,"5,605.50",2.167,54.15,,
06-11-2017,90.54229,62.262104,"5,576.90",2.194,54.38,,
07-11-2017,90.697006,62.1357,"5,493.40",2.187,54.3,,
08-11-2017,90.25605,62.053936,"5,573.00",2.202,54.54,,
09-11-2017,90.697006,62.42564,"5,551.60",2.234,55.64,,
10-11-2017,90.650574,62.230556,"5,460.80",2.246,57.35,,
13-11-2017,90.689262,62.193039,"5,269.50",2.273,57.2,,
14-11-2017,90.449455,61.705341,"5,202.00",2.278,56.81,,
15-11-2017,90.085838,60.932541,"5,215.10",2.253,57.17,,
16-11-2017,89.461197,60.44482,"5,320.10",2.222,56.74,,
17-11-2017,89.570511,60.20472,"5,256.20",2.236,56.76,,
20-11-2017,89.578308,60.437336,"5,275.20",2.31,55.7,,
21-11-2017,89.929703,60.677425,"5,360.00",2.309,55.33,,
22-11-2017,90.507515,60.849991,"5,371.20",2.339,55.14,,
24-11-2017,90.976021,61.090099,"5,240.50",2.341,56.55,,
27-11-2017,90.257652,60.857506,"5,279.20",2.325,56.09,,
28-11-2017,90.929176,61.277676,"5,300.80",2.323,56.83,,
29-11-2017,91.499184,61.727863,"5,429.20",2.348,58.02,,
30-11-2017,92.912506,62.493179,"5,536.30",2.361,58.95,,
01-12-2017,93.318542,62.62072,"5,464.60",2.361,58.11,,
04-12-2017,94.357063,62.703266,"5,418.20",2.355,57.99,,
05-12-2017,94.005684,62.193039,"5,253.50",2.353,57.3,,
06-12-2017,93.396637,61.735355,"5,292.80",2.321,57.4,,
07-12-2017,93.412231,61.937962,"5,363.00",2.275,58.36,,
08-12-2017,93.638695,62.020481,"5,430.90",2.305,57.47,,
11-12-2017,94.029099,62.298092,"5,347.30",2.302,57.62,,
12-12-2017,93.451294,62.095516,"5,295.20",2.345,55.96,,
13-12-2017,93.646515,62.365612,"5,240.50",2.318,56.69,,
14-12-2017,93.33416,62.200565,"5,193.20",2.383,57.36,,
15-12-2017,93.490334,62.298092,"5,293.90",2.37,57.99,,
18-12-2017,93.466919,62.230556,"5,302.30",2.421,57.14,,
19-12-2017,93.576218,61.855415,"5,430.60",2.435,56.6,,
20-12-2017,94.396118,62.178047,"5,580.10",2.463,57.04,,
21-12-2017,97.464821,62.913349,"5,607.50",2.415,57.3,,
22-12-2017,97.589752,63.003376,"5,731.80",2.37,57.16,,
26-12-2017,98.370605,63.010876,"5,683.80",2.378,57.46,,
27-12-2017,98.034843,62.950851,"5,730.70",2.372,58.09,,
28-12-2017,98.05825,63.040882,"5,673.50",2.349,58.36,,
29-12-2017,97.753746,62.755787,"5,819.10",2.332,58.47,,
02-01-2018,99.619957,63.798702,"5,876.50",2.318,59.97,,
03-01-2018,100.34613,65.051743,"5,907.20",2.316,59.64,,
04-01-2018,100.033798,65.141777,"5,869.80",2.334,59.84,,
05-01-2018,99.86982,65.089226,"5,903.10",2.34,60.42,,
08-01-2018,100.361748,65.381859,"5,893.50",2.402,60.1,,
09-01-2018,99.822975,65.104256,"5,864.40",2.407,60.37,,
10-01-2018,100.463264,64.586533,"6,002.50",2.375,61.63,,
11-01-2018,103.516373,65.224297,"6,048.50",2.326,62.01,,
12-01-2018,104.320641,65.666969,"5,938.20",2.375,61.44,,
16-01-2018,103.079079,65.254295,"5,990.80",2.345,61.73,,
17-01-2018,103.352386,66.027138,"5,917.60",2.368,62.96,,
18-01-2018,102.751114,65.599434,"5,896.70",2.358,63.57,,
19-01-2018,102.524689,65.389359,"6,044.30",2.32,63.8,,
22-01-2018,103.50856,66.214714,"6,069.60",2.326,64.3,,
23-01-2018,102.306046,66.252205,"6,044.50",2.34,63.73,,
24-01-2018,102.594948,66.424797,"5,924.10",2.331,63.97,,
25-01-2018,102.017143,66.304733,"5,946.30",2.326,63.95,,
26-01-2018,102.438805,66.777428,"5,833.50",2.388,63.37,,
29-01-2018,100.322701,66.034622,"5,627.30",2.415,63.49,,
30-01-2018,97.784988,65.11174,"5,616.50",2.363,64.47,,
31-01-2018,97.878662,65.501915,"5,643.80",2.372,65.61,,
01-02-2018,98.050461,66.829956,"5,406.40",2.353,65.51,,
02-02-2018,92.592354,63.423553,"5,228.90",2.34,66.14,,
05-02-2018,87.938538,59.814579,"5,304.10",2.362,65.56,,
06-02-2018,91.499184,58.786667,"5,130.70",2.378,64.5,,
07-02-2018,90.023392,57.728729,"4,919.70",2.39,64.73,,
08-02-2018,87.68869,57.075943,"4,929.50",2.403,65.8,,
09-02-2018,88.625679,57.439766,"5,059.50",2.348,65.45,,
12-02-2018,89.000488,57.924896,"4,989.00",2.349,64.15,,
13-02-2018,88.461716,57.83392,"5,177.20",2.351,63.39,,
14-02-2018,88.727196,57.955196,"5,185.40",2.351,61.79,,
15-02-2018,88.742966,57.765701,"5,160.60",2.394,61.15,,
16-02-2018,88.435402,58.015854,"5,142.90",2.459,59.2,,
20-02-2018,87.520622,57.417049,"5,020.30",2.497,59.29,,
21-02-2018,86.006454,56.765182,"5,134.70",2.484,59.19,,
22-02-2018,86.661034,57.500416,"5,269.20",2.485,60.73,,
23-02-2018,88.790291,58.766228,"5,291.80",2.492,61.34,,
26-02-2018,90.37542,59.759182,"5,162.50",2.474,61.68,,
27-02-2018,89.594681,58.743507,"5,026.90",2.412,61.9,,
28-02-2018,88.261894,57.409458,"5,079.60",2.434,61.68,,
01-03-2018,88.356529,57.000149,"5,190.20",2.405,62.77,,
02-03-2018,88.041084,57.265442,"5,287.70",2.405,63.55,,
05-03-2018,89.231918,57.811188,"5,236.50",2.461,63.91,,
06-03-2018,89.626213,57.742966,"5,183.00",2.445,63.01,,
07-03-2018,89.776062,56.287647,"5,175.20",2.453,61.64,,
08-03-2018,89.389618,56.181534,"5,288.60",2.476,60.99,,
09-03-2018,92.441566,56.515041,"5,293.80",2.48,61.25,,
12-03-2018,92.10247,57.030468,"5,266.70",2.551,62.57,,
13-03-2018,91.842224,56.49229,"5,247.30",2.559,62.6,,
14-03-2018,90.793358,55.787361,"5,176.10",2.537,61.15,,
15-03-2018,91.148239,56.408932,"5,244.50",2.55,60.12,,
16-03-2018,91.006279,56.939503,"5,110.00",2.552,62.04,,
19-03-2018,89.815491,56.204277,"5,189.00",2.539,61.36,,
20-03-2018,90.296539,56.082985,"5,403.60",2.587,60.71,,
21-03-2018,92.299622,56.878857,"5,287.40",2.624,60.96,,
22-03-2018,89.665657,55.711582,"5,277.60",2.661,61.19,,
23-03-2018,89.097847,55.249207,"5,381.20",2.656,62.34,,
26-03-2018,90.966866,56.090565,"5,249.40",2.617,62.06,,
27-03-2018,90.422737,55.863174,"5,216.90",2.648,63.4,,
28-03-2018,88.403854,55.188572,"5,365.70",2.624,65.17,,
29-03-2018,89.933777,56.552948,"5,180.10",2.66,64.3,,
02-04-2018,88.514282,55.499348,"5,273.70",2.699,65.88,,
03-04-2018,90.556793,56.863701,"5,272.50",2.724,65.55,,
04-04-2018,90.280777,56.750019,"5,428.80",2.713,65.25,,
05-04-2018,92.496765,57.621685,"5,276.40",2.782,64.38,,
06-04-2018,90.501587,56.750019,"5,283.80",2.841,64.94,,
09-04-2018,91.463707,56.750019,"5,509.00",2.709,63.01,,
10-04-2018,93.727013,58.417564,"5,612.40",2.805,63.51,,
11-04-2018,94.042465,58.690445,"5,597.80",2.834,63.37,,
12-04-2018,94.026688,58.531277,"5,694.10",2.828,63.54,,
13-04-2018,94.570854,59.001209,"5,734.00",2.857,62.06,,
16-04-2018,95.185966,59.531811,"5,773.20",2.859,63.42,,
17-04-2018,95.785294,59.372623,"5,950.10",2.833,65.51,,
18-04-2018,97.646454,60.047234,"5,937.10",2.913,66.82,,
19-04-2018,97.559708,60.198822,"5,914.80",2.906,67.07,,
20-04-2018,96.455627,59.880486,"5,958.90",2.873,67.39,,
23-04-2018,97.457184,60.312527,"5,883.60",2.889,66.22,,
24-04-2018,96.637009,59.387787,"5,961.70",2.891,66.52,,
25-04-2018,96.778954,60.259457,"6,036.80",2.952,68.47,,
26-04-2018,97.961891,61.290329,"5,930.00",2.919,68.29,,
27-04-2018,99.854576,58.963318,"5,993.60",2.866,68.38,,
30-04-2018,98.663765,58.933002,"5,969.20",2.864,68.64,,
01-05-2018,98.466591,58.326607,"6,026.20",2.901,67.7,,
02-05-2018,98.963417,58.21291,"5,921.50",2.864,68.05,,
03-05-2018,99.373535,58.015854,"6,029.80",2.811,68.19,,
04-05-2018,98.994972,58.288708,"6,073.90",2.868,68.1,,
07-05-2018,98.529701,58.925419,"6,193.20",2.883,68.57,,
08-05-2018,99.815132,59.190712,"6,309.50",2.886,67.25,,
09-05-2018,101.510666,60.5854,"6,334.90",2.881,67.93,,
10-05-2018,101.589531,61.942192,"6,277.90",2.857,68.43,,
11-05-2018,102.393921,62.233143,"6,360.30",2.896,69.72,,
14-05-2018,102.827652,62.654255,"6,383.40",2.866,70.73,,
15-05-2018,102.315041,62.623611,"6,428.00",2.844,69.06,,
16-05-2018,102.173103,62.799732,"6,624.10",2.819,71.14,,
17-05-2018,102.984512,62.69252,"6,560.70",2.826,71.36,,
18-05-2018,101.7117,62.248466,"6,712.50",2.845,70.7,,
21-05-2018,102.91291,62.998802,"6,548.40",2.855,70.96,,
22-05-2018,102.006035,62.508785,"6,509.80",2.9,71.31,,
23-05-2018,102.379921,62.899273,"6,423.40",2.881,71.49,,
24-05-2018,100.717354,61.45982,"6,214.80",2.823,71.49,,
25-05-2018,97.201263,60.265396,"6,240.40",2.813,71.28,,
29-05-2018,96.564873,60.043335,"6,479.90",2.852,72.24,,
30-05-2018,99.563904,62.401592,"6,420.20",2.775,72.13,,
31-05-2018,98.879776,62.202507,"6,418.30",2.783,71.84,,
01-06-2018,98.521797,62.654255,"6,264.00",2.741,70.71,,
04-06-2018,97.25695,61.995796,"6,247.90",2.733,67.88,,
05-06-2018,97.630836,61.773743,"6,254.50",2.781,66.73,,
06-06-2018,98.147903,62.830353,"6,425.80",2.808,68.21,,
07-06-2018,100.995758,63.458199,"6,392.20",2.834,67.04,,
08-06-2018,100.5821,64.009483,"6,435.10",2.775,65.81,,
11-06-2018,101.473068,63.626633,"6,409.00",2.781,64.75,,
12-06-2018,101.09124,63.105988,"6,405.90",2.801,65.52,,
13-06-2018,101.083267,62.409256,"6,331.00",2.779,64.73,,
14-06-2018,100.637794,62.700188,"6,149.00",2.843,65.95,,
15-06-2018,98.672928,61.75843,"6,294.30",2.825,65.74,,
18-06-2018,100.208244,61.880936,"6,347.70",2.829,66.1,,
19-06-2018,99.866165,61.789055,"6,454.10",2.83,66.36,,
20-06-2018,99.667282,61.59763,"6,277.60",2.875,66.64,,
21-06-2018,97.519478,61.015739,"6,485.40",2.914,66.89,,
22-06-2018,99.516151,62.309696,"6,314.80",2.96,65.06,,
25-06-2018,97.535385,61.054016,"6,468.90",2.977,65.85,,
26-06-2018,98.768394,61.743114,"6,557.60",3,65.07,,
27-06-2018,100.232079,62.562382,"6,535.50",3.032,66.22,,
28-06-2018,99.961639,62.761436,"6,555.10",2.983,65.54,,
29-06-2018,100.57415,63.343353,"6,427.40",2.959,68.58,,
02-07-2018,98.839973,62.600662,"6,504.00",2.955,68.08,,
03-07-2018,99.221817,62.96817,"6,495.00",2.968,70.53,,
05-07-2018,98.625198,63.021748,"6,616.00",2.976,72.76,,
06-07-2018,98.752464,63.037075,"6,786.50",2.948,73.45,,
09-07-2018,100.224144,63.473511,"6,772.50",2.951,74.15,,
10-07-2018,101.496933,64.055412,"6,587.50",2.952,73.94,,
11-07-2018,98.259262,63.236145,"6,568.70",2.972,74.14,,
12-07-2018,98.847946,63.312721,"6,578.80",3.006,72.94,,
13-07-2018,98.672928,63.787434,"6,442.60",2.964,73.8,,
16-07-2018,97.829712,63.159576,"6,445.50",2.97,73.85,,
17-07-2018,96.978531,63.021748,"6,465.10",3.002,74.11,,
18-07-2018,96.676247,62.952854,"6,505.90",3.072,70.38,,
19-07-2018,96.787613,62.792072,"6,463.50",3.104,70.33,,
20-07-2018,97.2649,62.325024,"6,443.80",3.115,71.01,,
23-07-2018,96.517159,62.325024,"6,497.80",3.06,68.06,,
24-07-2018,98.521797,63.557728,"6,546.80",3.058,68.08,,
25-07-2018,99.357056,64.001808,"6,565.70",3.063,68.76,,
26-07-2018,98.601326,64.499504,"6,429.90",2.993,69.46,,
27-07-2018,100.208244,62.723156,"6,549.90",2.977,70.46,,
30-07-2018,101.687843,62.585354,"6,547.40",2.931,67.89,,
31-07-2018,100.446869,62.409256,"6,442.80",2.898,68.52,,
01-08-2018,99.746841,61.551685,"6,468.90",2.79,69.3,,
02-08-2018,98.450188,61.18417,"6,390.60",2.857,69.61,,
03-08-2018,98.68087,61.406208,"6,441.40",2.86,68.69,,
06-08-2018,98.879776,61.390911,"6,446.00",2.902,70.13,,
07-08-2018,99.579773,62.225471,"6,344.70",2.944,68.76,,
08-08-2018,98.545631,61.812019,"6,293.50",2.926,67.66,,
09-08-2018,97.471748,61.498093,"6,348.90",2.974,68.96,,
10-08-2018,98.116081,61.436207,"6,189.30",2.922,68.49,,
13-08-2018,97.400139,60.770947,"6,247.10",2.948,69.01,,
14-08-2018,97.511505,60.577557,"5,956.70",2.952,69.17,,
15-08-2018,93.820427,59.517796,"6,011.20",2.964,66.94,,
16-08-2018,94.495033,60.337746,"6,046.30",2.974,66.81,,
17-08-2018,94.607475,60.538891,"6,102.50",2.935,67.63,,
20-08-2018,94.567322,60.964333,"6,224.30",2.922,67.2,,
21-08-2018,94.71991,60.979801,"6,340.10",2.917,67.04,,
22-08-2018,95.506943,61.853931,"6,321.20",2.897,65.01,,
23-08-2018,94.848427,61.173203,"6,390.80",2.937,65.46,,
24-08-2018,95.579269,61.590931,"6,414.60",2.899,65.91,,
27-08-2018,96.655426,62.194305,"6,360.30",2.895,66.43,,
28-08-2018,96.261909,62.10146,"6,448.50",2.882,67.35,,
29-08-2018,96.551018,62.550144,"6,478.00",2.877,67.86,,
30-08-2018,96.221756,62.279396,"6,440.70",2.827,67.83,,
31-08-2018,95.137558,62.016376,"6,366.60",2.84,68.72,,
04-09-2018,95.466805,62.1092,"6,323.80",2.86,68.87,,
05-09-2018,95.506943,62.936913,"6,128.80",2.871,68.53,,
06-09-2018,92.543465,62.24073,"6,076.80",2.833,69.51,,
07-09-2018,92.037498,63.300499,"6,088.50",2.842,70.25,,
10-09-2018,91.941132,63.207668,"6,208.20",2.833,69.8,,
11-09-2018,92.374809,64.09726,"6,290.80",2.824,69.87,,
12-09-2018,92.993202,64.306107,"6,255.00",2.858,68.72,,
13-09-2018,93.402794,63.679531,"6,279.90",2.867,67.77,,
14-09-2018,94.270164,64.143677,"6,268.00",2.84,67.75,,
17-09-2018,94.374573,64.522713,"6,359.20",2.849,67.54,,
18-09-2018,94.872505,64.692909,"6,428.70",2.829,69.25,,
19-09-2018,95.980812,65.466454,"6,406.20",2.856,70.37,,
20-09-2018,95.908546,65.613426,"6,465.30",2.86,68.59,,
21-09-2018,97.28186,65.884178,"6,612.20",2.875,68.99,,
24-09-2018,98.478516,66.990356,"6,640.90",2.838,68.91,,
25-09-2018,99.080872,66.913025,"6,517.60",2.895,69.85,,
26-09-2018,97.940414,66.356071,"6,574.00",2.96,71.12,,
27-09-2018,98.35804,66.348328,"6,594.20",2.95,70.8,,
28-09-2018,98.20546,65.76815,"6,658.50",2.973,70.78,,
01-10-2018,99.90004,66.37925,"6,623.80",2.982,72.08,,
02-10-2018,100.181122,66.88208,"6,794.60",2.958,72.28,,
03-10-2018,100.638893,66.642273,"6,670.60",2.975,71.57,,
04-10-2018,100.349785,66.201355,"6,645.30",2.962,72.12,,
05-10-2018,100.654976,66.015686,"6,610.40",3.004,73.25,,
08-10-2018,100.261429,66.626823,"6,696.20",2.986,75.3,,
09-10-2018,101.851608,66.920761,"6,379.70",2.951,75.23,,
10-10-2018,98.462456,65.381386,"6,190.80",2.945,76.41,,
11-10-2018,95.113457,63.122578,"6,272.00",2.977,74.33,,
12-10-2018,94.583374,62.952393,"6,287.30",2.964,74.34,,
15-10-2018,93.916824,62.519192,"6,384.50",2.929,74.29,,
16-10-2018,94.374573,62.813152,"6,258.60",2.873,74.96,,
17-10-2018,94.197884,63.045235,"6,166.80",2.877,73.17,,
18-10-2018,94.342453,63.315983,"6,091.50",2.9,70.97,,
19-10-2018,94.880531,63.408791,"5,998.10",2.864,71.34,,
22-10-2018,94.133644,62.774471,"5,791.00",2.87,71.78,,
23-10-2018,91.073761,61.761093,"5,443.00",2.864,71.92,,
24-10-2018,88.51178,60.043793,"5,542.50",2.819,69.75,,
25-10-2018,89.612076,60.577557,"5,465.70",2.842,68.65,,
26-10-2018,89.571922,59.974167,"5,267.90",2.821,69.12,,
29-10-2018,87.483803,59.602879,"5,397.60",2.828,69.17,,
30-10-2018,89.025803,60.941139,"5,500.80",2.813,66.43,,
31-10-2018,89.668282,61.637344,"5,606.20",2.846,66.82,,
01-11-2018,89.282791,62.403172,"5,505.00",2.884,67.33,,
02-11-2018,92.141907,63.393311,"5,670.10",2.886,67.59,,
05-11-2018,95.523041,63.153538,"5,614.90",2.859,67.04,,
06-11-2018,95.490929,63.424286,"5,762.60",2.86,66.18,,
07-11-2018,97.073051,64.228767,"5,544.40",2.862,65.31,,
08-11-2018,95.860344,63.207668,"5,548.00",2.898,63.69,,
09-11-2018,95.980812,63.192024,"5,345.20",2.904,63.14,,
12-11-2018,94.278198,62.379391,"5,213.10",2.878,63.1,,
13-11-2018,92.639832,60.949402,"5,215.60",2.939,62.21,,
14-11-2018,92.936989,60.472771,"5,296.30",2.935,61.67,,
15-11-2018,94.842773,61.097878,"5,290.80",2.981,60.67,,
16-11-2018,96.553886,61.699562,"5,252.20",2.964,60.19,,
19-11-2018,96.845871,61.902729,"5,000.70",2.974,59.93,,
20-11-2018,94.153435,60.144585,"5,130.30",3,55.69,,
21-11-2018,95.345573,60.605598,"4,939.40",2.994,56.25,,
23-11-2018,92.126015,58.988094,"5,026.30",3.057,56.46,,
26-11-2018,93.245155,60.152374,"4,951.40",3.066,56.46,,
27-11-2018,93.431679,60.207092,"5,025.90",3.065,56.76,,
28-11-2018,95.807808,61.301052,"5,057.10",3.066,53.43,,
29-11-2018,96.383614,61.777691,"4,982.30",3.089,54.63,,
30-11-2018,96.456596,62.12151,"5,156.60",3.098,50.42,,
03-12-2018,97.859566,63.465546,"4,971.60",3.048,51.63,,
04-12-2018,95.07795,62.066814,"4,818.20",3.056,51.56,,
06-12-2018,93.999352,61.254162,"4,798.30",3.065,50.29,,
07-12-2018,93.65876,60.668106,"4,638.70",3.086,51.45,,
10-12-2018,93.212723,59.808567,"4,629.00",3.061,50.93,,
11-12-2018,93.642517,59.917965,"4,657.70",3.181,52.95,,
12-12-2018,93.764183,59.402237,"4,631.40",3.187,53.25,,
13-12-2018,94.023689,60.152374,"4,418.30",3.233,52.89,,
14-12-2018,92.312538,59.058422,"4,291.50",3.231,51.49,,
17-12-2018,91.193405,57.855057,"4,171.50",3.206,52.61,,
18-12-2018,88.995682,56.26099,"4,102.60",3.174,51,,
19-12-2018,87.446732,55.307693,"3,955.10",3.146,51.65,,
20-12-2018,85.135468,53.627666,"3,862.20",3.167,51.15,,
21-12-2018,84.511024,53.22916,"3,675.00",3.156,52.58,,
24-12-2018,81.899712,51.189697,"4,060.80",3.163,51.2,,
26-12-2018,87.089912,53.635479,"4,092.10",3.207,49.88,,
27-12-2018,88.655083,53.869904,"4,020.00",3.177,46.24,,
28-12-2018,88.11174,53.268215,"4,044.10",3.196,47.2,,
31-12-2018,88.225266,53.283855,"4,161.30",3.2,45.88,,
02-01-2019,89.766106,54.455956,"4,133.20",3.171,45.59,,
03-01-2019,88.046852,53.619858,"4,361.40",3.111,42.53,,
04-01-2019,89.871529,55.596809,"4,512.60",3.126,46.22,,
07-01-2019,91.039314,55.885937,"4,555.10",3.077,44.61,,
08-01-2019,90.641953,56.292259,"4,667.50",3.089,45.33,,
09-01-2019,91.858406,56.589176,"4,686.70",3.119,45.41,,
10-01-2019,92.004372,56.300064,"4,630.50",3.149,46.54,,
11-01-2019,91.266396,56.04221,"4,639.20",3.134,47.09,,
14-01-2019,90.601402,55.97187,"4,692.10",3.22,47.96,,
15-01-2019,90.925797,56.003136,"4,696.60",3.201,48.52,,
16-01-2019,90.341888,55.979691,"4,724.50",3.231,49.78,,
17-01-2019,90.796051,56.362568,"4,816.10",3.237,52.36,,
18-01-2019,92.750473,57.034588,"4,616.90",3.239,52.59,,
22-01-2019,91.104202,56.175045,"4,538.30",3.186,51.59,,
23-01-2019,90.333778,55.714024,"4,568.90",3.151,50.51,,
24-01-2019,92.053032,55.792149,"4,655.50",3.141,52.11,,
25-01-2019,91.817863,56.04221,"4,573.00",3.127,52.31,,
28-01-2019,90.966339,55.66713,"4,592.40",3.11,52.07,,
29-01-2019,90.690613,55.878109,"4,726.10",3.065,53.8,,
30-01-2019,91.647545,56.487606,"4,653.90",3.063,52.57,,
31-01-2019,92.977547,57.2612,"4,680.80",3.061,52.62,,
01-02-2019,95.994347,59.324097,"4,706.70",3.065,53.13,,
04-02-2019,97.105347,58.464554,"4,638.20",3.065,53.69,,
05-02-2019,96.894539,59.066227,"4,587.70",3.046,51.99,,
06-02-2019,96.407936,58.808361,"4,386.90",3.059,53.31,,
07-02-2019,95.880814,58.35516,"4,319.20",3.059,54.23,,
08-02-2019,95.353676,58.449978,"4,392.30",3.061,53.79,,
11-02-2019,94.842773,58.544788,"4,444.00",3.032,55.26,,
12-02-2019,96.278175,59.571884,"4,543.30",2.993,54.56,,
13-02-2019,96.967499,60.243431,"4,600.00",2.966,53.66,,
14-02-2019,96.7873,60.259251,"4,721.60",2.915,54.01,,
15-02-2019,97.762062,61.39695,"4,698.30",2.917,52.64,,
19-02-2019,97.729271,61.807804,"4,752.80",2.892,52.72,,
20-02-2019,98.523827,62.044823,"4,619.20",2.858,52.41,,
21-02-2019,97.590034,61.483883,"4,661.70",2.863,53.1,,
22-02-2019,97.794815,61.957912,"4,655.70",2.879,53.9,,
25-02-2019,97.983208,62.021107,"4,580.60",2.911,54.41,,
26-02-2019,98.245338,62.147541,"4,592.10",2.913,55.59,,
27-02-2019,98.360008,62.787498,"4,529.20",2.895,56.09,,
28-02-2019,97.950455,62.439865,"4,629.60",2.857,56.92,,
01-03-2019,99.957291,63.206245,"4,659.10",2.823,56.96,,
04-03-2019,100.031013,63.451153,"4,612.40",2.762,57.26,,
05-03-2019,100.989372,63.356358,"4,482.40",2.808,55.48,,
06-03-2019,101.185974,62.637375,"4,424.10",2.788,55.5,,
07-03-2019,99.883575,63.332661,"4,263.20",2.737,56.94,,
08-03-2019,99.621468,62.424049,"4,360.30",2.751,57.22,,
11-03-2019,101.259689,63.032429,"4,468.80",2.81,55.8,,
12-03-2019,101.489044,63.206245,"4,561.10",2.774,56.59,,
13-03-2019,102.119766,63.7672,"4,573.90",2.716,56.56,,
14-03-2019,102.062431,63.553871,"4,536.10",2.686,56.22,,
15-03-2019,102.644012,63.324753,"4,649.20",2.686,56.66,,
18-03-2019,103.110886,64.059532,"4,599.00",2.633,56.07,,
19-03-2019,102.619423,63.893593,"4,731.60",2.552,56.87,,
20-03-2019,102.136162,64.249138,"4,797.00",2.668,58.26,,
21-03-2019,103.094521,64.620468,"4,578.70",2.698,58.61,,
22-03-2019,100.825546,63.585484,"4,581.00",2.73,58.52,,
,,,,,,,
,,,,,,,
